ICAO,Name,Province,Source,Coordinates,Elevation,AirportUse,Runway/0/Name,Runway/0/Dimensions,Runway/0/Surface,Runway/0/Details/0/Path,Runway/0/Details/0/Coordinates,Runway/0/Details/0/Elevation,Runway/0/Details/0/RunwayHeading,Runway/0/Details/1/Path,Runway/0/Details/1/Coordinates,Runway/0/Details/1/Elevation,Runway/0/Details/1/RunwayHeading,Runway/1/Name,Runway/1/Dimensions,Runway/1/Surface,Runway/1/Details/0/Path,Runway/1/Details/0/Coordinates,Runway/1/Details/0/Elevation,Runway/1/Details/0/RunwayHeading,Runway/1/Details/1/Path,Runway/1/Details/1/Coordinates,Runway/1/Details/1/Elevation,Runway/1/Details/1/RunwayHeading,Runway/2/Name,Runway/2/Dimensions,Runway/2/Surface,Runway/2/Details/0/Path,Runway/2/Details/0/Coordinates,Runway/2/Details/0/Elevation,Runway/2/Details/0/RunwayHeading,Runway/2/Details/1/Path,Runway/2/Details/1/Coordinates,Runway/2/Details/1/Elevation,Runway/2/Details/1/RunwayHeading,Runway/0/Details/0/DisplacedThreshold,Runway/0/Details/1/DisplacedThreshold,Runway/1/Details/0/DisplacedThreshold,Runway/1/Details/1/DisplacedThreshold
WITT,Sultan Iskandar Muda Airport,Aceh,ARINC Data Effective 2023-10-05 0901Z,N5°31.02' / E95°25.20',69.0 feet MSL,Open to the Public,Runway 17/35,9843 x 148 feet / 3000 x 45 meters,Hard,Runway 17,N5°32.34' / E95°25.03',65,169°,Runway 35,N5°30.75' / E95°25.35',69,349°,,,,,,,,,,,,,,,,,,,,,,,,,,
WITN,Sabang / Maimun Saleh Airport,Aceh,ARINC Data Effective 2023-10-05 0901Z,N5°52.58' / E95°20.25',433.0 feet MSL,Open to the Public,Runway 10/28,6070 x 98 feet / 1850 x 30 meters,Hard,Runway 10,N5°52.55' / E95°19.87',433,098°,Runway 28,N5°52.42' / E95°20.86',360,278°,,,,,,,,,,,,,,,,,,,,,,,,,,
WITL,Airport Point A Lhoksukon Airport,Aceh,ARINC Data Effective 2023-10-05 0901Z,N5°4.38' / E97°15.32',28.0 feet MSL,Open to the Public,,,Hard,,,,,,,,,,,,,,,,,,,,,,,,,,,,,,,,,,
WITK,Takengon / Rembele Airport,Aceh,ARINC Data Effective 2023-10-05 0901Z,N4°43.40' / E96°50.88',4631.0 feet MSL,Open to the Public,Runway 09/27,7382 x 98 feet / 2250 x 30 meters,Hard,Runway 09,N4°43.26' / E96°50.28',4599,090°,Runway 27,N4°43.27' / E96°51.50',4631,270°,,,,,,,,,,,,,,,,,,,,,,,,,,
WITC,Cut Nyak Dien Airport,Aceh,ARINC Data Effective 2023-10-05 0901Z,N4°2.88' / E96°15.00',7.0 feet MSL,Open to the Public,Runway 14/32,5906 x 98 feet / 1800 x 30 meters,Hard,Runway 14,N4°2.82' / E96°14.88',6,139°,Runway 32,N4°2.09' / E96°15.52',6,319°,,,,,,,,,,,,,,,,,,,,,,,,,,
WIMU,Kuta Cane / Alas Lauser Airport,Aceh,ARINC Data Effective 2023-10-05 0901Z,N3°23.23' / E97°52.17',296.0 feet MSL,Open to the Public,,,Unknown,,,,,,,,,,,,,,,,,,,,,,,,,,,,,,,,,,
WIMT,Tapaktuan / Teuku Cut Ali Airport,Aceh,ARINC Data Effective 2023-10-05 0901Z,N3°10.25' / E97°17.32',13.0 feet MSL,Open to the Public,Runway 14/32,3871 x 98 feet / 1180 x 30 meters,Hard,Runway 14,N3°10.40' / E97°17.08',9,140°,Runway 32,N3°9.92' / E97°17.50',9,320°,,,,,,,,,,,,,,,,,,,,,,,,,,
WIML,Sinabang/Lasikin Airport,Aceh,ARINC Data Effective 2023-10-05 0901Z,N2°24.53' / E96°19.57',18.0 feet MSL,Open to the Public,Runway 07/25,5610 x 98 feet / 1710 x 30 meters,Hard,Runway 07,N2°24.50' / E96°19.23',12,068°,Runway 25,N2°24.86' / E96°20.09',18,248°,,,,,,,,,,,,,,,,,,,,,,,,,,
WIMA,Malikussaleh Airport,Aceh,ARINC Data Effective 2023-10-05 0901Z,N5°13.73' / E96°57.08',90.0 feet MSL,Open to the Public,Runway 06/24,5626 x 98 feet / 1715 x 30 meters,Hard,Runway 06,N5°13.37' / E96°56.57',90,059°,Runway 24,N5°13.84' / E96°57.37',90,239°,,,,,,,,,,,,,,,,,,,,,,,,,,
WADE,Buleleng / Letkol Wisnu Airport,Bali,ARINC Data Effective 2023-10-05 0901Z,S8°8.42' / E114°37.30',16.0 feet MSL,Open to the Public,,,Hard,,,,,,,,,,,,,,,,,,,,,,,,,,,,,,,,,,
WADD,Bali / I Gusti Ngurah Rai International Airport,Bali,ARINC Data Effective 2023-10-05 0901Z,S8°44.85' / E115°10.15',14.0 feet MSL,Open to the Public,Runway 09/27,9843 x 148 feet / 3000 x 45 meters,Hard,Runway 09,S8°44.94' / E115°9.23',11,087°,Runway 27,S8°44.87' / E115°10.86',12,267°,,,,,,,,,,,,,,,,,,,,,,,,,,
WIKT,H.A.S. Hanandjoeddin Airport,Bangka-Belitung,ARINC Data Effective 2023-10-05 0901Z,S2°44.72' / E107°45.18',176.0 feet MSL,Open to the Public,Runway 18/36,8202 x 148 feet / 2500 x 45 meters,Hard,Runway 18,S2°43.97' / E107°45.23',176,175°,Runway 36,S2°45.32' / E107°45.32',152,355°,,,,,,,,,,,,,,,,,,,,,,,,,,
WIKK,Depati Amir Airport,Bangka-Belitung,ARINC Data Effective 2023-10-05 0901Z,S2°9.75' / E106°8.28',108.0 feet MSL,Open to the Public,Runway 16/34,7382 x 148 feet / 2250 x 45 meters,Hard,Runway 16,S2°9.08' / E106°8.16',86,165°,Runway 34,S2°10.25' / E106°8.48',108,345°,,,,,,,,,,,,,,,,,,,,,,,,,,
WIRR,Tangerang/Budiarto Airport,Banten,ARINC Data Effective 2023-10-05 0901Z,S6°17.60' / E106°34.08',140.0 feet MSL,Open to the Public,Runway 12/30,5981 x 148 feet / 1823 x 45 meters,Hard,Runway 12,S6°17.28' / E106°33.65',134,119°,Runway 30,S6°17.77' / E106°34.51',140,299°,Runway 04/22,5249 x 148 feet / 1600 x 45 meters,Unknown,Runway 04,S6°17.71' / E106°34.07',136,043°,Runway 22,S6°17.09' / E106°34.67',125,223°,,,,,,,,,,,,,,,
WIII,Jakarta International/Soekarno Hatta Airport,Banten,ARINC Data Effective 2023-10-05 0901Z,S6°7.42' / E106°39.67',34.0 feet MSL,Open to the Public,Runway 07R/25L,12008 x 197 feet / 3660 x 60 meters,Hard,Runway 07R,S6°8.55' / E106°38.62',34,067°,Runway 25L,S6°7.82' / E106°40.46',27,247°,Runway 07L/25R,11811 x 197 feet / 3600 x 60 meters,Unknown,Runway 07L,S6°7.26' / E106°38.33',29,067°,Runway 25R,S6°6.54' / E106°40.14',21,247°,Runway 06/24,9843 x 197 feet / 3000 x 60 meters,Unknown,Runway 06,S6°6.83' / E106°38.68',29,067°,Runway 24,S6°6.23' / E106°40.19',19,247°,,,,
WIHP,South Tangerang/Pondok Cabe Airport,Banten,ARINC Data Effective 2023-10-05 0901Z,S6°20.17' / E106°45.88',221.0 feet MSL,Open to the Public,Runway 18/36,6562 x 148 feet / 2000 x 45 meters,Hard,Runway 18,S6°19.68' / E106°45.91',209,183°,Runway 36,S6°20.77' / E106°45.84',221,003°,,,,,,,,,,,,,,,,,,,,,,,,,,
WIHI,Salakanagara Tanjun Lesung Airport,Banten,ARINC Data Effective 2023-10-05 0901Z,S6°29.58' / E105°39.93',19.0 feet MSL,Private,Runway 07/25,1969 x 49 feet / 600 x 15 meters,Unknown,Runway 07,S6°29.55' / E105°40.01',3,070°,Runway 25,S6°29.44' / E105°40.32',19,250°,,,,,,,,,,,,,,,,,,,,,,,,,,
WIGM,Muko-Muko Airport,Bengkulu,ARINC Data Effective 2023-10-05 0901Z,S2°32.47' / E101°5.32',16.0 feet MSL,Open to the Public,Runway 14/32,4593 x 98 feet / 1400 x 30 meters,Hard,Runway 14,S2°32.18' / E101°4.99',14,137°,Runway 32,S2°32.73' / E101°5.51',17,317°,,,,,,,,,,,,,,,,,,,,,,,,,,
WIGG,Bengkulu / Fatmawati Soekarno Airport,Bengkulu,ARINC Data Effective 2023-10-05 0901Z,S3°51.67' / E102°20.37',74.0 feet MSL,Open to the Public,Runway 13/31,7382 x 148 feet / 2250 x 45 meters,Hard,Runway 13,S3°51.42' / E102°19.91',74,133°,Runway 31,S3°52.25' / E102°20.79',71,313°,,,,,,,,,,,,,,,,,,,,,,,,,,
WIGE,Enggano Airport,Bengkulu,ARINC Data Effective 2023-10-05 0901Z,S5°18.12' / E102°10.98',47.0 feet MSL,Open to the Public,Runway 12/30,4265 x 75 feet / 1300 x 23 meters,Hard,Runway 12,S5°18.12' / E102°10.98',47,120°,Runway 30,S5°18.46' / E102°11.60',47,300°,,,,,,,,,,,,,,,,,,,,,,,,,,
WAMG,Gorontalo / Djalaluddin Airport,Gorontalo,ARINC Data Effective 2023-10-05 0901Z,N0°38.28' / E122°51.13',125.0 feet MSL,Open to the Public,Runway 09/27,8202 x 148 feet / 2500 x 45 meters,Hard,Runway 09,N0°38.32' / E122°50.28',125,097°,Runway 27,N0°38.14' / E122°51.62',88,277°,,,,,,,,,,,,,,,,,,,,,,,,,,
WAUU,Rendani Airport,Irian Jaya Barat,ARINC Data Effective 2023-10-05 0901Z,S0°53.63' / E134°3.02',36.0 feet MSL,Open to the Public,Runway 17/35,6562 x 148 feet / 2000 x 45 meters,Hard,Runway 17,S0°52.97' / E134°2.91',36,177°,Runway 35,S0°54.06' / E134°2.95',26,357°,,,,,,,,,,,,,,,,,,,,,,,,,,
WAUM,Merdey Airport,Irian Jaya Barat,ARINC Data Effective 2023-10-05 0901Z,S1°35.48' / E133°17.75',385.0 feet MSL,Open to the Public,Runway 09/27,1969 x 75 feet / 600 x 23 meters,Hard,Runway 09,S1°35.45' / E133°17.59',385,092°,Runway 27,S1°35.47' / E133°17.92',375,272°,,,,,,,,,,,,,,,,,,,,,,,,,,
WAUK,Kebar Airport,Irian Jaya Barat,ARINC Data Effective 2023-10-05 0901Z,S0°48.58' / E133°3.32',1360.0 feet MSL,Open to the Public,Runway 09/27,2625 x 59 feet / 800 x 18 meters,Hard,Runway 09,S0°48.65' / E133°3.50',1360,095°,Runway 27,S0°48.60' / E133°3.08',1360,275°,,,,,,,,,,,,,,,,,,,,,,,,,,
WAUB,Bintuni Airport,Irian Jaya Barat,ARINC Data Effective 2023-10-05 0901Z,S2°6.05' / E133°30.82',51.0 feet MSL,Open to the Public,Runway 13/31,2723 x 72 feet / 830 x 22 meters,Hard,Runway 13,S2°6.00' / E133°30.82',51,134°,Runway 31,S2°6.33' / E133°31.13',41,314°,,,,,,,,,,,,,,,,,,,,,,,,,,
WASU,Kambuaya/Ayamaru Airport,Irian Jaya Barat,ARINC Data Effective 2023-10-05 0901Z,S1°19.10' / E132°16.95',1391.0 feet MSL,Open to the Public,Runway 06/24,3937 x 98 feet / 1200 x 30 meters,Hard,Runway 06,S1°19.14' / E132°16.92',1384,065°,Runway 24,S1°18.87' / E132°17.51',1391,245°,,,,,,,,,,,,,,,,,,,,,,,,,,
WAST,Teminabuan Airport,Irian Jaya Barat,ARINC Data Effective 2023-10-05 0901Z,S1°26.73' / E132°1.23',147.0 feet MSL,Open to the Public,Runway 13/31,2625 x 75 feet / 800 x 23 meters,Hard,Runway 13,S1°26.58' / E132°1.10',143,128°,Runway 31,S1°26.86' / E132°1.43',147,308°,,,,,,,,,,,,,,,,,,,,,,,,,,
WASS,Domine Eduard Osok Airport,Irian Jaya Barat,ARINC Data Effective 2023-10-05 0901Z,S0°53.50' / E131°17.22',17.0 feet MSL,Open to the Public,Runway 09/27,8202 x 148 feet / 2500 x 45 meters,Hard,Runway 09,S0°53.60' / E131°16.66',17,093°,Runway 27,S0°53.69' / E131°18.01',16,273°,,,,,,,,,,,,,,,,,,,,,,,,,,
WASO,Irarutu/Babo Airport,Irian Jaya Barat,ARINC Data Effective 2023-10-05 0901Z,S2°32.12' / E133°26.33',46.0 feet MSL,Open to the Public,Runway 02/20,4265 x 98 feet / 1300 x 30 meters,Hard,Runway 02,S2°32.25' / E133°26.20',46,021°,Runway 20,S2°31.60' / E133°26.47',46,201°,,,,,,,,,,,,,,,,,,,,,,,,,,
WASN,Marinda Airport,Irian Jaya Barat,ARINC Data Effective 2023-10-05 0901Z,S0°25.92' / E130°46.32',98.0 feet MSL,Open to the Public,Runway 18/36,4396 x 98 feet / 1340 x 30 meters,Hard,Runway 18,S0°25.20' / E130°46.43',98,184°,Runway 36,S0°25.91' / E130°46.37',46,004°,,,,,,,,,,,,,,,,,,,,,,,,,,
WASK,Kaimana Airport,Irian Jaya Barat,ARINC Data Effective 2023-10-05 0901Z,S3°38.68' / E133°41.73',14.0 feet MSL,Open to the Public,Runway 01/19,6562 x 98 feet / 2000 x 30 meters,Hard,Runway 01,S3°39.20' / E133°41.61',10,009°,Runway 19,S3°38.13' / E133°41.81',14,189°,,,,,,,,,,,,,,,,,,,,,,,,,,
WASI,Inanwatan Airport,Irian Jaya Barat,ARINC Data Effective 2023-10-05 0901Z,S2°7.60' / E132°9.78',36.0 feet MSL,Open to the Public,Runway 08/26,2316 x 75 feet / 706 x 23 meters,Hard,Runway 08,S2°7.66' / E132°9.41',36,085°,Runway 26,S2°7.63' / E132°9.79',36,265°,,,,,,,,,,,,,,,,,,,,,,,,,,
WASF,Torea Airport,Irian Jaya Barat,ARINC Data Effective 2023-10-05 0901Z,S2°55.17' / E132°15.85',426.0 feet MSL,Open to the Public,Runway 10/28,3937 x 98 feet / 1200 x 30 meters,Hard,Runway 10,S2°55.19' / E132°15.70',426,096°,Runway 28,S2°55.27' / E132°16.35',410,276°,,,,,,,,,,,,,,,,,,,,,,,,,,
WASA,Maybrat / Ayawasi Airport,Irian Jaya Barat,ARINC Data Effective 2023-10-05 0901Z,S1°9.58' / E132°27.92',1525.0 feet MSL,Open to the Public,Runway 09/27,2838 x 75 feet / 865 x 23 meters,Hard,Runway 09,S1°9.55' / E132°27.63',1525,098°,Runway 27,S1°9.62' / E132°28.09',1524,278°,,,,,,,,,,,,,,,,,,,,,,,,,,
WIHH,Jakarta / Halim Perdanakusuma Airport,Jakarta Raya,ARINC Data Effective 2023-10-05 0901Z,S6°16.05' / E106°53.18',84.0 feet MSL,Open to the Public,Runway 06/24,9843 x 148 feet / 3000 x 45 meters,Hard,Runway 06,S6°16.34' / E106°52.73',79,065°,Runway 24,S6°15.70' / E106°54.11',84,245°,,,,,,,,,,,,,,,,,,,,,,,,656 Feet,,
WIHG,Pulau Panjang Airport,Jakarta Raya,ARINC Data Effective 2023-10-05 0901Z,S5°38.67' / E106°33.75',10.0 feet MSL,Open to the Public,,,Soft,,,,,,,,,,,,,,,,,,,,,,,,,,,,,,,,,,
WIHC,Wiladatika Airport,Jakarta Raya,ARINC Data Effective 2023-10-05 0901Z,S6°21.42' / E106°53.82',210.0 feet MSL,Open to the Public,Runway 09/27,2493 x 66 feet / 760 x 20 meters,Soft,Runway 09,S6°21.38' / E106°53.87',197,092°,Runway 27,S6°21.40' / E106°54.27',210,272°,,,,,,,,,,,,,,,,,,,,,,,,,,
WIPI,Muara Bungo / Pasir Mayang Airport,Jambi,ARINC Data Effective 2023-10-05 0901Z,S1°8.00' / E102°9.00',138.0 feet MSL,Open to the Public,,,Soft,,,,,,,,,,,,,,,,,,,,,,,,,,,,,,,,,,
WIJJ,Sultan Thaha Airport,Jambi,ARINC Data Effective 2023-10-05 0901Z,S1°38.13' / E103°38.58',92.0 feet MSL,Open to the Public,Runway 13/31,8537 x 148 feet / 2602 x 45 meters,Hard,Runway 13,S1°37.94' / E103°38.24',92,129°,Runway 31,S1°38.84' / E103°39.33',63,309°,,,,,,,,,,,,,,,,,,,,,,,,,,
WIJI,Depati Parbo Airport,Jambi,ARINC Data Effective 2023-10-05 0901Z,S2°5.77' / E101°28.27',2607.0 feet MSL,Open to the Public,Runway 12/30,5906 x 98 feet / 1800 x 30 meters,Hard,Runway 12,S2°5.41' / E101°27.77',2607,118°,Runway 30,S2°5.86' / E101°28.63',2600,298°,,,,,,,,,,,,,,,,,,,,,,,,,,
WIJB,Muara Bungo Airport,Jambi,ARINC Data Effective 2023-10-05 0901Z,S1°32.60' / E102°10.72',195.0 feet MSL,Open to the Public,Runway 13/31,5906 x 98 feet / 1800 x 30 meters,Hard,Runway 13,S1°32.20' / E102°10.50',167,126°,Runway 31,S1°32.78' / E102°11.28',195,306°,,,,,,,,,,,,,,,,,,,,,,,,,,
WIHK,Kalijati Airport,Jawa Barat,ARINC Data Effective 2023-10-05 0901Z,S6°31.88' / E107°39.57',361.0 feet MSL,Military,,,Soft,,,,,,,,,,,,,,,,,,,,,,,,,,,,,,,,,,
WIHJ,Atang Sendjaja Airport,Jawa Barat,ARINC Data Effective 2023-10-05 0901Z,S6°32.65' / E106°45.25',538.0 feet MSL,Open to the Public,,,Soft,,,,,,,,,,,,,,,,,,,,,,,,,,,,,,,,,,
WICN,Nusawiru Airport,Jawa Barat,ARINC Data Effective 2023-10-05 0901Z,S7°42.23' / E108°29.35',16.0 feet MSL,Open to the Public,Runway 07/25,4593 x 98 feet / 1400 x 30 meters,Hard,Runway 07,S7°43.31' / E108°28.97',16,071°,Runway 25,S7°43.08' / E108°29.70',13,251°,,,,,,,,,,,,,,,,,,,,,,,,,,
WICM,Wiriadinata Airport,Jawa Barat,ARINC Data Effective 2023-10-05 0901Z,S7°20.53' / E108°14.90',1110.0 feet MSL,Military,,,Hard,,,,,,,,,,,,,,,,,,,,,,,,,,,,,,,,,,
WICK,Margahayu Airport,Jawa Barat,ARINC Data Effective 2023-10-05 0901Z,S6°58.45' / E107°34.35',2200.0 feet MSL,Open to the Public,,,Soft,,,,,,,,,,,,,,,,,,,,,,,,,,,,,,,,,,
WICD,Cirebon / Cakrabhuwana Airport,Jawa Barat,ARINC Data Effective 2023-10-05 0901Z,S6°45.38' / E108°32.30',90.0 feet MSL,Open to the Public,Runway 04/22,4199 x 98 feet / 1280 x 30 meters,Hard,Runway 04,S6°45.68' / E108°32.11',90,040°,Runway 22,S6°45.15' / E108°32.56',65,220°,,,,,,,,,,,,,,,,,,,,,,,,,,
WICC,Husein Sastranegara-Bandung Airport,Jawa Barat,ARINC Data Effective 2023-10-05 0901Z,S6°54.12' / E107°34.57',2445.0 feet MSL,Military,Runway 11/29,7283 x 148 feet / 2220 x 45 meters,Hard,Runway 11,S6°53.84' / E107°34.00',2445,108°,Runway 29,S6°54.23' / E107°35.14',2406,288°,,,,,,,,,,,,,,,,,,,,,,,,,,
WICA,Majalengka / Kertajati International Airport,Jawa Barat,ARINC Data Effective 2023-10-05 0901Z,S6°38.90' / E108°9.25',134.0 feet MSL,Open to the Public,Runway 14/32,9843 x 197 feet / 3000 x 60 meters,Hard,Runway 14,S6°38.22' / E108°9.41',128,139°,Runway 32,S6°39.47' / E108°10.46',134,319°,,,,,,,,,,,,,,,,,,,,,,,,,,
WARC,Blora/Ngloram Airport,Jawa Tengah,ARINC Data Effective 2023-10-05 0901Z,S7°11.65' / E111°32.83',141.0 feet MSL,Open to the Public,Runway 08/26,4921 x 98 feet / 1500 x 30 meters,Hard,Runway 08,S7°11.78' / E111°32.31',137,082°,Runway 26,S7°11.68' / E111°33.12',125,262°,,,,,,,,,,,,,,,,,,,,,,,,,,
WAHU,Dewadaru Airport,Jawa Tengah,ARINC Data Effective 2023-10-05 0901Z,S5°48.07' / E110°28.67',15.0 feet MSL,Open to the Public,,,Hard,,,,,,,,,,,,,,,,,,,,,,,,,,,,,,,,,,
WAHS,Jenderal Ahmad Yani International Airport,Jawa Tengah,ARINC Data Effective 2023-10-05 0901Z,S6°58.58' / E110°22.63',11.0 feet MSL,Open to the Public,Runway 13/31,8399 x 148 feet / 2560 x 45 meters,Hard,Runway 13,S6°57.74' / E110°21.80',11,129°,Runway 31,S6°58.64' / E110°22.86',9,309°,,,,,,,,,,,,,,,,,,,,,,,,,,
WAHQ,Solo/Adi Soemarmo Airport,Jawa Tengah,ARINC Data Effective 2023-10-05 0901Z,S7°30.82' / E110°45.03',418.0 feet MSL,Open to the Public,Runway 08/26,8202 x 148 feet / 2500 x 45 meters,Hard,Runway 08,S7°31.11' / E110°44.79',418,076°,Runway 26,S7°30.81' / E110°46.12',380,256°,,,,,,,,,,,,,,,,,,,,,,,,,,
WAHP,Jenderal Besar Soedirman Airport,Jawa Tengah,ARINC Data Effective 2023-10-05 0901Z,S7°27.75' / E109°25.30',160.0 feet MSL,Open to the Public,Runway 10/28,5249 x 98 feet / 1600 x 30 meters,Hard,Runway 10,S7°27.57' / E109°24.43',142,103°,Runway 28,S7°27.78' / E109°25.27',160,283°,,,,,,,,,,,,,,,,,,,,,,,,,,
WAHL,Cilacap / Tunggul Wulung Airport,Jawa Tengah,ARINC Data Effective 2023-10-05 0901Z,S7°38.67' / E109°2.08',84.0 feet MSL,Open to the Public,Runway 13/31,4593 x 98 feet / 1400 x 30 meters,Hard,Runway 13,S7°38.44' / E109°1.76',84,132°,Runway 31,S7°38.96' / E109°2.32',61,312°,,,,,,,,,,,,,,,,,,,,,,,,,,
WARW,Gresik / Bawean Airport,Jawa Timur,ARINC Data Effective 2023-10-05 0901Z,S5°43.42' / E112°40.60',180.0 feet MSL,Open to the Public,Runway 09/27,3051 x 75 feet / 930 x 23 meters,Hard,Runway 09,S5°43.41' / E112°40.49',130,090°,Runway 27,S5°43.42' / E112°41.01',180,270°,,,,,,,,,,,,,,,,,,,,,,,,,,
WART,Trunojoyo Airport,Jawa Timur,ARINC Data Effective 2023-10-05 0901Z,S7°1.42' / E113°53.45',20.0 feet MSL,Open to the Public,Runway 12/30,5249 x 98 feet / 1600 x 30 meters,Hard,Runway 12,S7°1.09' / E113°52.90',20,125°,Runway 30,S7°1.59' / E113°53.61',9,305°,,,,,,,,,,,,,,,,,,,,,,,,,,
WARR,Juanda Airport,Jawa Timur,ARINC Data Effective 2023-10-05 0901Z,S7°22.85' / E112°47.18',11.0 feet MSL,Military,Runway 10/28,9843 x 148 feet / 3000 x 45 meters,Hard,Runway 10,S7°22.66' / E112°46.41',11,098°,Runway 28,S7°22.92' / E112°48.02',8,278°,,,,,,,,,,,,,,,,,,,,,,,,,,
WARP,Pulau Pagerungan Besar / Pager Airport,Jawa Timur,ARINC Data Effective 2023-10-05 0901Z,S6°57.40' / E115°55.95',13.0 feet MSL,Open to the Public,,,Hard,,,,,,,,,,,,,,,,,,,,,,,,,,,,,,,,,,
WARI,Madiun/Iswahyudi Airport,Jawa Timur,ARINC Data Effective 2023-10-05 0901Z,S7°36.95' / E111°26.04',361.0 feet MSL,Open to the Public,Runway 17R/35L,10030 x 186 feet / 3057 x 57 meters,Hard,Runway 17R,S7°36.19' / E111°25.94',361,175°,Runway 35L,S7°37.84' / E111°26.05',361,355°,Runway 17L/35R,8448 x 92 feet / 2575 x 28 meters,Unknown,Runway 17L,S7°36.26' / E111°26.04',361,175°,Runway 35R,S7°37.49' / E111°26.12',361,355°,,,,,,,,,,,,,,435 Feet,516 Feet
WARE,Noto Hadinegoro Airport,Jawa Timur,ARINC Data Effective 2023-10-05 0901Z,S8°14.60' / E113°41.77',264.0 feet MSL,Open to the Public,Runway 02/20,5397 x 98 feet / 1645 x 30 meters,Hard,Runway 02,S8°14.94' / E113°41.52',252,013°,Runway 20,S8°14.07' / E113°41.73',264,193°,,,,,,,,,,,,,,,,,,,,,,,,,,
WARA,Abdul Rachman Saleh Airport,Jawa Timur,ARINC Data Effective 2023-10-05 0901Z,S7°55.77' / E112°42.72',1729.0 feet MSL,Open to the Public,Runway 17/35,8202 x 131 feet / 2500 x 40 meters,Hard,Runway 17,S7°55.09' / E112°42.70',1729,165°,Runway 35,S7°56.40' / E112°43.02',1712,345°,,,,,,,,,,,,,,,,,,,,,,,,,,
WADY,Banyuwangi Airport,Jawa Timur,ARINC Data Effective 2023-10-05 0901Z,S8°18.63' / E114°20.42',124.0 feet MSL,Open to the Public,Runway 08/26,8038 x 148 feet / 2450 x 45 meters,Hard,Runway 08,S8°18.71' / E114°19.72',124,080°,Runway 26,S8°18.51' / E114°21.04',53,260°,,,,,,,,,,,,,,,,,,,,,,,,,,
WISA,Singkawang / Smart Semelagi Airport,Kalimantan Barat,ARINC Data Effective 2023-10-05 0901Z,N1°0.03' / E109°2.78',10.0 feet MSL,Open to the Public,Runway 11/29,2592 x 59 feet / 790 x 18 meters,Hard,Runway 11,N0°59.95' / E109°2.91',10,108°,Runway 29,N0°59.82' / E109°3.32',8,288°,,,,,,,,,,,,,,,,,,,,,,,,,,
WIOS,Tebelian Airport,Kalimantan Barat,ARINC Data Effective 2023-10-05 0901Z,S0°2.50' / E111°27.38',97.0 feet MSL,Open to the Public,Runway 09/27,5971 x 98 feet / 1820 x 30 meters,Hard,Runway 09,S0°2.71' / E111°26.92',87,090°,Runway 27,S0°2.71' / E111°27.90',97,270°,,,,,,,,,,,,,,,,,,,,,,,,,,
WIOP,Pangsuma Airport,Kalimantan Barat,ARINC Data Effective 2023-10-05 0901Z,N0°50.30' / E112°56.13',110.0 feet MSL,Open to the Public,Runway 10/28,5906 x 98 feet / 1800 x 30 meters,Hard,Runway 10,N0°50.21' / E112°55.96',108,106°,Runway 28,N0°49.93' / E112°56.90',110,286°,,,,,,,,,,,,,,,,,,,,,,,,,,
WIOO,Supadio Airport,Kalimantan Barat,ARINC Data Effective 2023-10-05 0901Z,S0°8.73' / E109°24.22',12.0 feet MSL,Military,Runway 15/33,7382 x 148 feet / 2250 x 45 meters,Hard,Runway 15,S0°8.48' / E109°24.00',11,157°,Runway 33,S0°9.61' / E109°24.46',12,337°,,,,,,,,,,,,,,,,,,,,,,,,,,
WIOK,Ketapang/Rahadi Oesman Airport,Kalimantan Barat,ARINC Data Effective 2023-10-05 0901Z,S1°48.97' / E109°57.72',15.0 feet MSL,Open to the Public,Runway 17/35,4593 x 98 feet / 1400 x 30 meters,Hard,Runway 17,S1°48.64' / E109°57.75',15,169°,Runway 35,S1°49.39' / E109°57.86',14,349°,,,,,,,,,,,,,,,,,,,,,,,,,,
WIOI,Singkawang II / Sanggoledo Airport,Kalimantan Barat,ARINC Data Effective 2023-10-05 0901Z,S1°5.05' / E109°41.70',55.0 feet MSL,Private,,,Soft,,,,,,,,,,,,,,,,,,,,,,,,,,,,,,,,,,
WIOG,Nanga Pinoh Airport,Kalimantan Barat,ARINC Data Effective 2023-10-05 0901Z,S0°20.88' / E111°45.02',132.0 feet MSL,Open to the Public,,,Hard,,,,,,,,,,,,,,,,,,,,,,,,,,,,,,,,,,
WAOO,Banjarmasin / Syamsudin Noor Airport,Kalimantan Selatan,ARINC Data Effective 2023-10-05 0901Z,S3°26.38' / E114°45.17',66.0 feet MSL,Open to the Public,Runway 10/28,8202 x 148 feet / 2500 x 45 meters,Hard,Runway 10,S3°26.42' / E114°45.09',54,099°,Runway 28,S3°26.66' / E114°46.42',66,279°,,,,,,,,,,,,,,,,,,,,,,,,,,
WAON,Warukin Airport,Kalimantan Selatan,ARINC Data Effective 2023-10-05 0901Z,S2°12.77' / E115°26.55',187.0 feet MSL,Open to the Public,Runway 06/24,4593 x 98 feet / 1400 x 30 meters,Hard,Runway 06,S2°13.18' / E115°25.85',159,059°,Runway 24,S2°12.81' / E115°26.51',187,239°,,,,,,,,,,,,,,,,,,,,,,,,,,
WAOK,Gusti Sjamsir Alam Airport,Kalimantan Selatan,ARINC Data Effective 2023-10-05 0901Z,S3°17.70' / E116°9.95',12.0 feet MSL,Open to the Public,Runway 16/34,5413 x 98 feet / 1650 x 30 meters,Hard,Runway 16,S3°17.25' / E116°9.66',8,158°,Runway 34,S3°18.09' / E116°9.99',12,338°,,,,,,,,,,,,,,,,,,,,,,,,,,
WAOC,Batulicin/Bersujud Airport,Kalimantan Selatan,ARINC Data Effective 2023-10-05 0901Z,S3°24.80' / E116°0.05',20.0 feet MSL,Open to the Public,Runway 09/27,5906 x 148 feet / 1800 x 45 meters,Hard,Runway 09,S3°24.74' / E115°59.23',16,091°,Runway 27,S3°24.77' / E116°0.12',20,271°,,,,,,,,,,,,,,,,,,,,,,,,492 Feet,,
WAGS,H. Asan Airport,Kalimantan Tengah,ARINC Data Effective 2023-10-05 0901Z,S2°30.08' / E112°58.53',24.0 feet MSL,Open to the Public,Runway 13/31,6759 x 98 feet / 2060 x 30 meters,Hard,Runway 13,S2°29.53' / E112°58.04',24,131°,Runway 31,S2°30.29' / E112°58.86',11,311°,,,,,,,,,,,,,,,,,,,,,,,,,,
WAGP,Purukcahu Airport,Kalimantan Tengah,ARINC Data Effective 2023-10-05 0901Z,S0°41.35' / E114°26.70',442.0 feet MSL,Open to the Public,,,Unknown,,,,,,,,,,,,,,,,,,,,,,,,,,,,,,,,,,
WAGM,Sanggu Airport,Kalimantan Tengah,ARINC Data Effective 2023-10-05 0901Z,S1°40.15' / E114°53.63',23.0 feet MSL,Open to the Public,,,Hard,,,,,,,,,,,,,,,,,,,,,,,,,,,,,,,,,,
WAGK,Beringin Airport,Kalimantan Tengah,ARINC Data Effective 2023-10-05 0901Z,S0°56.42' / E114°53.63',127.0 feet MSL,Open to the Public,Runway 13/31,2953 x 75 feet / 900 x 23 meters,Hard,Runway 13,S0°56.37' / E114°53.44',127,130°,Runway 31,S0°56.69' / E114°53.81',127,310°,,,,,,,,,,,,,,,,,,,,,,,,,,
WAGI,Iskandar Airport,Kalimantan Tengah,ARINC Data Effective 2023-10-05 0901Z,S2°42.25' / E111°40.23',78.0 feet MSL,Open to the Public,Runway 13/31,6955 x 148 feet / 2120 x 45 meters,Hard,Runway 13,S2°41.93' / E111°39.98',78,131°,Runway 31,S2°42.71' / E111°40.83',76,311°,,,,,,,,,,,,,,,,,,,,,,,,,,
WAGG,Tjilik Riwut Airport,Kalimantan Tengah,ARINC Data Effective 2023-10-05 0901Z,S2°13.60' / E113°56.67',40.0 feet MSL,Open to the Public,Runway 16/34,8202 x 148 feet / 2500 x 45 meters,Hard,Runway 16,S2°13.02' / E113°56.37',40,158°,Runway 34,S2°14.29' / E113°56.85',39,338°,,,,,,,,,,,,,,,,,,,,,,,,,,
WAGF,Kota Waringin Timur Airport,Kalimantan Tengah,ARINC Data Effective 2023-10-05 0901Z,S3°22.68' / E112°32.50',13.0 feet MSL,Open to the Public,Runway 10/28,3937 x 98 feet / 1200 x 30 meters,Hard,Runway 10,S3°22.50' / E112°31.87',13,100°,Runway 28,S3°22.63' / E112°32.51',13,280°,,,,,,,,,,,,,,,,,,,,,,,,,,
WAGB,Haji Muhammad Sidik Airport,Kalimantan Tengah,ARINC Data Effective 2023-10-05 0901Z,S1°1.32' / E114°55.58',145.0 feet MSL,Open to the Public,Runway 14/32,4593 x 98 feet / 1400 x 30 meters,Hard,Runway 14,S1°1.27' / E114°55.47',135,136°,Runway 32,S1°1.82' / E114°55.99',145,316°,,,,,,,,,,,,,,,,,,,,,,,,,,
WAGA,Kuala Kurun Airport,Kalimantan Tengah,ARINC Data Effective 2023-10-05 0901Z,S1°7.58' / E113°52.48',115.0 feet MSL,Open to the Public,Runway 05/23,3937 x 98 feet / 1200 x 30 meters,Hard,Runway 05,S1°7.93' / E113°52.13',112,052°,Runway 23,S1°7.54' / E113°52.64',115,232°,,,,,,,,,,,,,,,,,,,,,,,,,,
WAQT,Tanjung Redeb / Kalimarau Airport,Kalimantan Timur,ARINC Data Effective 2023-10-05 0901Z,N2°9.22' / E117°25.87',33.0 feet MSL,Open to the Public,Runway 01/19,7382 x 148 feet / 2250 x 45 meters,Hard,Runway 01,N2°8.27' / E117°25.70',33,014°,Runway 19,N2°9.47' / E117°25.99',16,194°,,,,,,,,,,,,,,,,,,,,,,,,,,
WAQQ,Juwata Int Airport,Kalimantan Timur,ARINC Data Effective 2023-10-05 0901Z,N3°19.60' / E117°34.17',40.0 feet MSL,Open to the Public,Runway 06/24,7382 x 148 feet / 2250 x 45 meters,Hard,Runway 06,N3°19.19' / E117°33.34',23,058°,Runway 24,N3°19.83' / E117°34.37',40,238°,,,,,,,,,,,,,,,,,,,,,,,,,,
WAQM,Malinau / Seluwing Airport,Kalimantan Timur,ARINC Data Effective 2023-10-05 0901Z,N3°34.62' / E116°37.05',24.0 feet MSL,Open to the Public,,,Hard,,,,,,,,,,,,,,,,,,,,,,,,,,,,,,,,,,
WAQL,Long Apung Airport,Kalimantan Timur,ARINC Data Effective 2023-10-05 0901Z,N1°42.33' / E114°58.28',2437.0 feet MSL,Open to the Public,,,Hard,,,,,,,,,,,,,,,,,,,,,,,,,,,,,,,,,,
WAQK,Mangkajang Airport,Kalimantan Timur,ARINC Data Effective 2023-10-05 0901Z,N2°0.30' / E117°44.52',47.0 feet MSL,Open to the Public,,,Hard,,,,,,,,,,,,,,,,,,,,,,,,,,,,,,,,,,
WAQJ,Yuvai Semaring Airport,Kalimantan Timur,ARINC Data Effective 2023-10-05 0901Z,N3°53.00' / E115°42.00',2540.0 feet MSL,Open to the Public,,,Hard,,,,,,,,,,,,,,,,,,,,,,,,,,,,,,,,,,
WAQD,Tanjung Selor /Tanjung Harapan Airport,Kalimantan Timur,ARINC Data Effective 2023-10-05 0901Z,N2°50.25' / E117°22.40',10.0 feet MSL,Open to the Public,Runway 03/21,5249 x 98 feet / 1600 x 30 meters,Hard,Runway 03,N2°49.90' / E117°22.26',14,028°,Runway 21,N2°50.66' / E117°22.68',20,209°,,,,,,,,,,,,,,,,,,,,,,,,,,
WAQC,Berau/Maratua Airport,Kalimantan Timur,ARINC Data Effective 2023-10-05 0901Z,N2°12.20' / E118°35.55',43.0 feet MSL,Open to the Public,Runway 13/31,5249 x 98 feet / 1600 x 30 meters,Hard,Runway 13,N2°12.13' / E118°35.63',43,130°,Runway 31,N2°11.56' / E118°36.29',43,310°,,,,,,,,,,,,,,,,,,,,,,,,,,
WAQA,Nunukan Airport,Kalimantan Timur,ARINC Data Effective 2023-10-05 0901Z,N4°8.00' / E117°40.00',46.0 feet MSL,Open to the Public,Runway 13/31,4757 x 98 feet / 1450 x 30 meters,Hard,Runway 13,N4°8.30' / E117°39.88',40,132°,Runway 31,N4°7.77' / E117°40.47',42,312°,,,,,,,,,,,,,,,,,,,,,,,,,,
WALT,Tanjung Santan Airport,Kalimantan Timur,ARINC Data Effective 2023-10-05 0901Z,S0°5.53' / E117°26.38',121.0 feet MSL,Open to the Public,,,Hard,,,,,,,,,,,,,,,,,,,,,,,,,,,,,,,,,,
WALS,Aji Pangeran Tumenggung Pran. Airport,Kalimantan Timur,ARINC Data Effective 2023-10-05 0901Z,S0°22.53' / E117°15.08',73.0 feet MSL,Open to the Public,Runway 04/22,7382 x 148 feet / 2250 x 45 meters,Hard,Runway 04,S0°22.89' / E117°14.55',73,044°,Runway 22,S0°22.02' / E117°15.40',73,224°,,,,,,,,,,,,,,,,,,,,,,,,,,
WALQ,Pujungan Airport,Kalimantan Timur,ARINC Data Effective 2023-10-05 0901Z,S0°18.33' / E117°24.92',48.0 feet MSL,Open to the Public,Runway 01/19,3937 x 98 feet / 1200 x 30 meters,Hard,Runway 01,S0°18.68' / E117°24.89',48,009°,Runway 19,S0°18.03' / E117°24.99',48,189°,,,,,,,,,,,,,,,,,,,,,,,,,,
WALL,Sultan Aji Muhammad Sulaiman Airport,Kalimantan Timur,ARINC Data Effective 2023-10-05 0901Z,S1°16.05' / E116°53.63',12.0 feet MSL,Open to the Public,Runway 07/25,8202 x 148 feet / 2500 x 45 meters,Hard,Runway 07,S1°16.36' / E116°53.05',12,067°,Runway 25,S1°15.83' / E116°54.29',12,247°,,,,,,,,,,,,,,,,,,,,,,,,,,
WALJ,Datah Dawai Airport,Kalimantan Timur,ARINC Data Effective 2023-10-05 0901Z,N0°48.47' / E114°31.77',514.0 feet MSL,Open to the Public,Runway 02/20,2838 x 75 feet / 865 x 23 meters,Hard,Runway 02,N0°48.22' / E114°31.67',514,019°,Runway 20,N0°48.66' / E114°31.83',514,199°,,,,,,,,,,,,,,,,,,,,,,,,,,
WALE,Kutai Barat/Melalan Melak Airport,Kalimantan Timur,ARINC Data Effective 2023-10-05 0901Z,S0°12.35' / E115°45.63',314.0 feet MSL,Open to the Public,Runway 03/21,3773 x 98 feet / 1150 x 30 meters,Hard,Runway 03,S0°12.51' / E115°45.44',313,029°,Runway 21,S0°11.96' / E115°45.74',314,209°,,,,,,,,,,,,,,,,,,,,,,,,,,
WALC,Bontang/Lng Badak Airport,Kalimantan Timur,ARINC Data Effective 2023-10-05 0901Z,N0°7.17' / E117°28.48',13.0 feet MSL,Open to the Public,,,Hard,,,,,,,,,,,,,,,,,,,,,,,,,,,,,,,,,,
WALB,Tanjung Bara Airport,Kalimantan Timur,ARINC Data Effective 2023-10-05 0901Z,N0°33.68' / E117°38.70',50.0 feet MSL,Open to the Public,Runway 04/22,2625 x 59 feet / 800 x 18 meters,Hard,Runway 04,N0°33.45' / E117°38.52',50,041°,Runway 22,N0°33.80' / E117°38.78',38,221°,,,,,,,,,,,,,,,,,,,,,,,,,,
WIDT,Raja Haji Abdullah Airport,Kepulauan Riau,ARINC Data Effective 2023-10-05 0901Z,N1°3.00' / E103°23.00',16.0 feet MSL,Open to the Public,Runway 09/27,4593 x 98 feet / 1400 x 30 meters,Hard,Runway 09,N1°3.20' / E103°23.12',16,093°,Runway 27,N1°3.15' / E103°23.87',16,273°,,,,,,,,,,,,,,,,,,,,,,,,,,
WIDS,Dabo Airport,Kepulauan Riau,ARINC Data Effective 2023-10-05 0901Z,S0°28.70' / E104°34.65',95.0 feet MSL,Open to the Public,Runway 14/32,3839 x 98 feet / 1170 x 30 meters,Hard,Runway 14,S0°28.49' / E104°34.54',95,143°,Runway 32,S0°28.98' / E104°34.94',95,323°,,,,,,,,,,,,,,,,,,,,,,,,,,
WIDO,Ranai Airport,Kepulauan Riau,ARINC Data Effective 2023-10-05 0901Z,N3°54.37' / E108°23.28',7.0 feet MSL,Open to the Public,,,Hard,,,,,,,,,,,,,,,,,,,,,,,,,,,,,,,,,,
WIDN,Raja Haji Fisabilillah Airport,Kepulauan Riau,ARINC Data Effective 2023-10-05 0901Z,N0°55.13' / E104°31.62',90.0 feet MSL,Open to the Public,Runway 04/22,8202 x 148 feet / 2500 x 45 meters,Hard,Runway 04,N0°55.00' / E104°31.59',38,042°,Runway 22,N0°55.81' / E104°32.35',78,222°,,,,,,,,,,,,,,,,,,,,,,,,1476 Feet,,
WIDM,Matak Airport,Kepulauan Riau,ARINC Data Effective 2023-10-05 0901Z,N3°20.82' / E106°15.50',10.0 feet MSL,Open to the Public,,,Hard,,,,,,,,,,,,,,,,,,,,,,,,,,,,,,,,,,
WIDL,Anambas Airport,Kepulauan Riau,ARINC Data Effective 2023-10-05 0901Z,N2°57.77' / E105°44.98',13.0 feet MSL,Open to the Public,,,Hard,,,,,,,,,,,,,,,,,,,,,,,,,,,,,,,,,,
WIDD,Batam / Hang Nadim Airport,Kepulauan Riau,ARINC Data Effective 2023-10-05 0901Z,N1°7.12' / E104°6.83',128.0 feet MSL,Open to the Public,Runway 04/22,13205 x 148 feet / 4025 x 45 meters,Hard,Runway 04,N1°6.44' / E104°6.41',128,042°,Runway 22,N1°8.07' / E104°7.85',69,222°,,,,,,,,,,,,,,,,,,,,,,,,,,
WIDB,Kepulauan Riau / Tambelan Airport,Kepulauan Riau,ARINC Data Effective 2023-10-05 0901Z,N0°58.53' / E107°33.70',19.0 feet MSL,Open to the Public,,,Hard,,,,,,,,,,,,,,,,,,,,,,,,,,,,,,,,,,
WIPO,Way Kanan/Gatot Subroto Airport,Lampung,ARINC Data Effective 2023-10-05 0901Z,S4°23.63' / E104°24.17',350.0 feet MSL,Open to the Public,Runway 03/21,6890 x 131 feet / 2100 x 40 meters,Hard,Runway 03,S4°24.01' / E104°23.80',348,029°,Runway 21,S4°23.01' / E104°24.35',348,209°,,,,,,,,,,,,,,,,,,,,,,,,,,
WILP,Muhammad Taufik Kiemas Airport,Lampung,ARINC Data Effective 2023-10-05 0901Z,S5°12.70' / E103°56.37',118.0 feet MSL,Open to the Public,Runway 12/30,4265 x 98 feet / 1300 x 30 meters,Hard,Runway 12,S5°12.50' / E103°55.89',115,118°,Runway 30,S5°12.84' / E103°56.51',118,298°,,,,,,,,,,,,,,,,,,,,,,,,,,
WILM,Astra Ksetra Airport,Lampung,ARINC Data Effective 2023-10-05 0901Z,S4°36.68' / E105°13.93',63.0 feet MSL,Open to the Public,,,Soft,,,,,,,,,,,,,,,,,,,,,,,,,,,,,,,,,,
WILL,Radin Inten II Airport,Lampung,ARINC Data Effective 2023-10-05 0901Z,S5°14.43' / E105°10.53',273.0 feet MSL,Open to the Public,Runway 14/32,9088 x 148 feet / 2770 x 45 meters,Hard,Runway 14,S5°14.25' / E105°10.49',273,140°,Runway 32,S5°15.39' / E105°11.46',262,320°,,,,,,,,,,,,,,,,,,,,,,,,,,
WAPV,Wahai Airport,Maluku,ARINC Data Effective 2023-10-05 0901Z,S2°48.67' / E129°29.10',551.0 feet MSL,Open to the Public,Runway 05/23,2461 x 75 feet / 750 x 23 meters,Hard,Runway 05,S2°48.82' / E129°28.88',551,048°,Runway 23,S2°48.56' / E129°29.18',541,228°,,,,,,,,,,,,,,,,,,,,,,,,,,
WAPU,Seram Bagian Timur / Kufar Airport,Maluku,ARINC Data Effective 2023-10-05 0901Z,S3°27.80' / E130°47.27',19.0 feet MSL,Open to the Public,,,Hard,,,,,,,,,,,,,,,,,,,,,,,,,,,,,,,,,,
WAPS,Saumlaki / Mathilda Batlayeri Airport,Maluku,ARINC Data Effective 2023-10-05 0901Z,S7°50.88' / E131°20.08',446.0 feet MSL,Open to the Public,Runway 11/29,6562 x 148 feet / 2000 x 45 meters,Hard,Runway 11,S7°50.67' / E131°19.75',425,114°,Runway 29,S7°51.14' / E131°20.73',446,294°,,,,,,,,,,,,,,,,,,,,,,,,,,
WAPP,Ambon / Pattimura Airport,Maluku,ARINC Data Effective 2023-10-05 0901Z,S3°42.45' / E128°5.37',62.0 feet MSL,Open to the Public,Runway 04/22,8202 x 148 feet / 2500 x 45 meters,Hard,Runway 04,S3°43.10' / E128°4.90',29,044°,Runway 22,S3°42.14' / E128°5.86',39,224°,,,,,,,,,,,,,,,,,,,,,,,,,,
WAPO,Larat / Larat Airport,Maluku,ARINC Data Effective 2023-10-05 0901Z,S7°7.68' / E131°46.02',42.0 feet MSL,Open to the Public,,,Hard,,,,,,,,,,,,,,,,,,,,,,,,,,,,,,,,,,
WAPN,Namniwel Airport,Maluku,ARINC Data Effective 2023-10-05 0901Z,S3°8.62' / E126°58.58',7.0 feet MSL,Open to the Public,Runway 11/29,5249 x 98 feet / 1600 x 30 meters,Hard,Runway 11,S3°8.45' / E126°58.19',6,108°,Runway 29,S3°8.73' / E126°59.01',7,288°,,,,,,,,,,,,,,,,,,,,,,,,,,
WAPM,Jos Orno Imsula Airport,Maluku,ARINC Data Effective 2023-10-05 0901Z,S8°8.35' / E127°54.20',24.0 feet MSL,Open to the Public,,,Hard,,,,,,,,,,,,,,,,,,,,,,,,,,,,,,,,,,
WAPL,Dumatubun Airport,Maluku,ARINC Data Effective 2021-11-04 0901Z,S5°39.70' / E132°43.80',40.0 feet MSL,Open to the Public,Runway 09/27,4265 x 98 feet / 1300 x 30 meters,Hard,Runway 09,S5°39.68' / E132°43.53',10,089°,Runway 27,S5°39.71' / E132°44.24',10,269°,,,,,,,,,,,,,,,,,,,,,,,,,,
WAPK,Benjina Airport,Maluku,ARINC Data Effective 2023-10-05 0901Z,S6°3.77' / E134°16.62',82.0 feet MSL,Open to the Public,Runway 04/22,4265 x 59 feet / 1300 x 18 meters,Hard,Runway 04,S6°4.24' / E134°16.20',82,038°,Runway 22,S6°3.71' / E134°16.67',82,218°,,,,,,,,,,,,,,,,,,,,,,,,,,
WAPG,South Buru Island / Namrole Airport,Maluku,ARINC Data Effective 2023-10-05 0901Z,S3°51.17' / E126°42.15',10.0 feet MSL,Open to the Public,,,Hard,,,,,,,,,,,,,,,,,,,,,,,,,,,,,,,,,,
WAPF,Langgur / Karel Sadsuitubun Airport,Maluku,ARINC Data Effective 2023-10-05 0901Z,S5°45.45' / E132°45.68',109.0 feet MSL,Open to the Public,Runway 13/31,7710 x 148 feet / 2350 x 45 meters,Hard,Runway 13,S5°45.08' / E132°45.03',102,131°,Runway 31,S5°45.95' / E132°45.95',109,311°,,,,,,,,,,,,,,,,,,,,,,,,,,
WAPD,Pulau Aru / Dobo Airport,Maluku,ARINC Data Effective 2023-10-05 0901Z,S5°46.45' / E134°12.60',15.0 feet MSL,Open to the Public,,,Hard,,,,,,,,,,,,,,,,,,,,,,,,,,,,,,,,,,
WAPC,Central Maluku / Bandaneira Airport,Maluku,ARINC Data Effective 2023-10-05 0901Z,S4°31.30' / E129°54.28',94.0 feet MSL,Open to the Public,Runway 10/28,2953 x 98 feet / 900 x 30 meters,Hard,Runway 10,S4°31.21' / E129°54.07',94,108°,Runway 28,S4°31.35' / E129°54.54',34,288°,,,,,,,,,,,,,,,,,,,,,,,,,,
WAPB,B U L A Airport,Maluku,ARINC Data Effective 2023-10-05 0901Z,S3°6.65' / E130°30.65',10.0 feet MSL,Open to the Public,,,Soft,,,,,,,,,,,,,,,,,,,,,,,,,,,,,,,,,,
WAPA,Pulau Seram / Amahai Airport,Maluku,ARINC Data Effective 2023-10-05 0901Z,S3°20.77' / E128°55.63',260.0 feet MSL,Open to the Public,Runway 13/31,2618 x 79 feet / 798 x 24 meters,Hard,Runway 13,S3°20.67' / E128°55.42',256,133°,Runway 31,S3°20.97' / E128°55.72',259,313°,,,,,,,,,,,,,,,,,,,,,,,,,,
WAEW,Pitu Airport,Maluku Utara,ARINC Data Effective 2023-10-05 0901Z,N2°3.00' / E128°19.00',94.0 feet MSL,Open to the Public,Runway 09/27,7874 x 98 feet / 2400 x 30 meters,Hard,Runway 09,N2°2.75' / E128°18.83',73,089°,Runway 27,N2°2.78' / E128°20.13',94,269°,,,,,,,,,,,,,,,,,,,,,,,,,,
WAES,Emalamo Airport,Maluku Utara,ARINC Data Effective 2023-10-05 0901Z,S2°5.87' / E125°57.83',11.0 feet MSL,Open to the Public,Runway 18/36,3609 x 75 feet / 1100 x 23 meters,Hard,Runway 18,S2°5.71' / E125°57.97',11,179°,Runway 36,S2°6.31' / E125°57.94',11,359°,,,,,,,,,,,,,,,,,,,,,,,,,,
WAEO,Falabisahaya Airport,Maluku Utara,ARINC Data Effective 2023-10-05 0901Z,S1°46.93' / E125°28.93',10.0 feet MSL,Open to the Public,,,Soft,,,,,,,,,,,,,,,,,,,,,,,,,,,,,,,,,,
WAEM,Halmahera Island/Buli Airport,Maluku Utara,ARINC Data Effective 2023-10-05 0901Z,N0°55.17' / E128°22.95',88.0 feet MSL,Open to the Public,Runway 07/25,3927 x 75 feet / 1197 x 23 meters,Hard,Runway 07,N0°54.97' / E128°22.70',59,073°,Runway 25,N0°55.15' / E128°23.32',88,253°,,,,,,,,,,,,,,,,,,,,,,,,,,
WAEL,Labuha/Oesman Sadik Airport,Maluku Utara,ARINC Data Effective 2023-10-05 0901Z,S0°38.23' / E127°30.12',67.0 feet MSL,Open to the Public,Runway 06/24,5413 x 98 feet / 1650 x 30 meters,Hard,Runway 06,S0°38.24' / E127°29.94',62,061°,Runway 24,S0°37.87' / E127°30.60',67,241°,,,,,,,,,,,,,,,,,,,,,,,,820 Feet,,
WAEK,Kuabang Airport,Maluku Utara,ARINC Data Effective 2023-10-05 0901Z,N1°11.22' / E127°53.70',40.0 feet MSL,Open to the Public,Runway 18/36,7874 x 98 feet / 2400 x 30 meters,Hard,Runway 18,N1°11.97' / E127°53.78',40,182°,Runway 36,N1°10.67' / E127°53.74',30,002°,,,,,,,,,,,,,,,,,,,,,,,,,,
WAEH,Weda Bay Airport,Maluku Utara,ARINC Data Effective 2023-10-05 0901Z,N0°28.08' / E127°56.77',11.0 feet MSL,Open to the Public,Runway 09/27,5413 x 98 feet / 1650 x 30 meters,Hard,Runway 09,N0°28.08' / E127°56.45',11,090°,Runway 27,N0°28.07' / E127°57.34',11,270°,,,,,,,,,,,,,,,,,,,,,,,,,,
WAEG,Gamar Malamo Airport,Maluku Utara,ARINC Data Effective 2023-10-05 0901Z,N1°50.20' / E127°47.22',157.0 feet MSL,Open to the Public,Runway 04/22,4593 x 98 feet / 1400 x 30 meters,Hard,Runway 04,N1°49.97' / E127°46.95',157,035°,Runway 22,N1°50.60' / E127°47.39',121,215°,,,,,,,,,,,,,,,,,,,,,,,,,,
WAEE,Ternate/Sultan Babullah Airport,Maluku Utara,ARINC Data Effective 2023-10-05 0901Z,N0°49.87' / E127°22.82',81.0 feet MSL,Open to the Public,Runway 14/32,7546 x 148 feet / 2300 x 45 meters,Hard,Runway 14,N0°50.39' / E127°22.48',81,141°,Runway 32,N0°49.41' / E127°23.27',61,321°,,,,,,,,,,,,,,,,,,,,,,,,,,
WAEB,North Halmahera / Marimoi Airport,Maluku Utara,ARINC Data Effective 2023-10-05 0901Z,N1°6.12' / E127°42.20',114.0 feet MSL,Open to the Public,,,Hard,,,,,,,,,,,,,,,,,,,,,,,,,,,,,,,,,,
WADS,Sultan Muhammad Kaharuddin Airport,Nusa Tenggara Barat,ARINC Data Effective 2023-10-05 0901Z,S8°29.32' / E117°24.85',38.0 feet MSL,Open to the Public,Runway 14/32,5906 x 98 feet / 1800 x 30 meters,Hard,Runway 14,S8°28.89' / E117°24.36',20,139°,Runway 32,S8°29.64' / E117°24.99',38,319°,,,,,,,,,,,,,,,,,,,,,,,,,,
WADL,Zainuddin Abdul Madjid International Airport,Nusa Tenggara Barat,ARINC Data Effective 2023-10-05 0901Z,S8°45.43' / E116°16.60',343.0 feet MSL,Open to the Public,Runway 13/31,10827 x 148 feet / 3300 x 45 meters,Hard,Runway 13,S8°44.96' / E116°15.93',307,128°,Runway 31,S8°46.09' / E116°17.33',343,308°,,,,,,,,,,,,,,,,,,,,,,,,,,
WADB,Sultan Muhammad Salahuddin Airport,Nusa Tenggara Barat,ARINC Data Effective 2023-10-05 0901Z,S8°32.43' / E118°41.42',7.0 feet MSL,Open to the Public,Runway 14/32,7218 x 98 feet / 2200 x 30 meters,Hard,Runway 14,S8°31.82' / E118°40.73',7,137°,Runway 32,S8°32.71' / E118°41.54',4,317°,,,,,,,,,,,,,,,,,,,,,,,,,,
WADA,Selaparang Airport,Nusa Tenggara Barat,ARINC Data Effective 2023-10-05 0901Z,S8°33.72' / E116°5.97',52.0 feet MSL,Open to the Public,Runway 09/27,6890 x 131 feet / 2100 x 40 meters,Hard,Runway 09,S8°33.64' / E116°5.11',52,088°,Runway 27,S8°33.64' / E116°6.26',48,268°,,,,,,,,,,,,,,,,,,,,,,,,,,
WATW,Wunopito Airport,Nusa Tenggara Timur,ARINC Data Effective 2023-10-05 0901Z,S8°21.98' / E123°26.28',43.0 feet MSL,Open to the Public,Runway 02/20,3937 x 98 feet / 1200 x 30 meters,Hard,Runway 02,S8°22.01' / E123°26.17',43,024°,Runway 20,S8°21.41' / E123°26.46',30,204°,,,,,,,,,,,,,,,,,,,,,,,,,,
WATU,Umbu Mehang Kunda Airport,Nusa Tenggara Timur,ARINC Data Effective 2023-10-05 0901Z,S9°40.08' / E120°17.93',22.0 feet MSL,Open to the Public,Runway 15/33,6070 x 98 feet / 1850 x 30 meters,Hard,Runway 15,S9°39.67' / E120°17.86',22,150°,Runway 33,S9°40.56' / E120°18.34',18,330°,,,,,,,,,,,,,,,,,,,,,,,,,,
WATT,El Tari Airport,Nusa Tenggara Timur,ARINC Data Effective 2023-10-05 0901Z,S10°10.67' / E123°39.83',335.0 feet MSL,Open to the Public,Runway 07/25,8202 x 148 feet / 2500 x 45 meters,Hard,Runway 07,S10°10.46' / E123°39.61',335,075°,Runway 25,S10°10.14' / E123°40.94',335,255°,,,,,,,,,,,,,,,,,,,,,,,,,,
WATS,Tardamu Airport,Nusa Tenggara Timur,ARINC Data Effective 2023-10-05 0901Z,S10°29.63' / E121°50.77',69.0 feet MSL,Open to the Public,Runway 07/25,2953 x 75 feet / 900 x 23 meters,Hard,Runway 07,S10°29.62' / E121°50.65',52,072°,Runway 25,S10°29.47' / E121°51.13',69,252°,,,,,,,,,,,,,,,,,,,,,,,,,,
WATR,David Constantijn Saudale Airport,Nusa Tenggara Timur,ARINC Data Effective 2023-10-05 0901Z,S10°46.02' / E123°4.45',465.0 feet MSL,Open to the Public,Runway 04/22,5413 x 98 feet / 1650 x 30 meters,Hard,Runway 04,S10°46.29' / E123°4.27',465,040°,Runway 22,S10°45.61' / E123°4.86',449,220°,,,,,,,,,,,,,,,,,,,,,,,,,,
WATP,Alor/Pantar Airport,Nusa Tenggara Timur,ARINC Data Effective 2023-10-05 0901Z,S8°14.75' / E124°13.12',18.0 feet MSL,Open to the Public,Runway 03/21,2953 x 98 feet / 900 x 30 meters,Hard,Runway 03,S8°14.90' / E124°13.05',16,029°,Runway 21,S8°14.47' / E124°13.27',18,209°,,,,,,,,,,,,,,,,,,,,,,,,,,
WATO,Komodo Airport,Nusa Tenggara Timur,ARINC Data Effective 2023-10-05 0901Z,S8°29.18' / E119°53.25',228.0 feet MSL,Open to the Public,Runway 17/35,7382 x 148 feet / 2250 x 45 meters,Hard,Runway 17,S8°28.34' / E119°53.24',228,171°,Runway 35,S8°29.55' / E119°53.41',188,351°,,,,,,,,,,,,,,,,,,,,,,,,,,
WATM,Mali Airport,Nusa Tenggara Timur,ARINC Data Effective 2023-10-05 0901Z,S8°8.12' / E124°35.67',17.0 feet MSL,Open to the Public,Runway 03/21,5253 x 98 feet / 1601 x 30 meters,Hard,Runway 03,S8°8.33' / E124°35.58',17,032°,Runway 21,S8°7.60' / E124°36.05',16,212°,,,,,,,,,,,,,,,,,,,,,,,,,,
WATL,Larantuka / Gewayantana Airport,Nusa Tenggara Timur,ARINC Data Effective 2023-10-05 0901Z,S8°16.50' / E123°0.00',77.0 feet MSL,Open to the Public,Runway 10/28,5249 x 98 feet / 1600 x 30 meters,Hard,Runway 10,S8°16.39' / E122°59.64',77,098°,Runway 28,S8°16.53' / E123°0.51',19,278°,,,,,,,,,,,,,,,,,,,,,,,,,,
WATK,Tambolaka Airport,Nusa Tenggara Timur,ARINC Data Effective 2023-10-05 0901Z,S9°24.73' / E119°14.82',157.0 feet MSL,Open to the Public,Runway 10/28,7546 x 148 feet / 2300 x 45 meters,Hard,Runway 10,S9°24.44' / E119°13.91',153,098°,Runway 28,S9°24.64' / E119°15.15',157,278°,,,,,,,,,,,,,,,,,,,,,,,,,,
WATG,Ruteng / Frans Sales Lega Airport,Nusa Tenggara Timur,ARINC Data Effective 2023-10-05 0901Z,S8°35.92' / E120°28.78',3777.0 feet MSL,Open to the Public,Runway 09/27,4921 x 98 feet / 1500 x 30 meters,Hard,Runway 09,S8°35.74' / E120°28.28',3662,092°,Runway 27,S8°35.79' / E120°29.10',3777,272°,,,,,,,,,,,,,,,,,,,,,,,,,,
WATE,Haji Hasan Aroeboesman Airport,Nusa Tenggara Timur,ARINC Data Effective 2023-10-05 0901Z,S8°50.88' / E121°39.80',43.0 feet MSL,Open to the Public,Runway 09/27,5413 x 98 feet / 1650 x 30 meters,Hard,Runway 09,S8°50.95' / E121°39.20',43,088°,Runway 27,S8°50.94' / E121°40.10',19,268°,,,,,,,,,,,,,,,,,,,,,,,,,,
WATC,Fransiskus Xaverius Seda Airport,Nusa Tenggara Timur,ARINC Data Effective 2023-10-05 0901Z,S8°38.25' / E122°14.22',175.0 feet MSL,Open to the Public,Runway 05/23,7382 x 148 feet / 2250 x 45 meters,Hard,Runway 05,S8°38.76' / E122°13.81',175,050°,Runway 23,S8°37.98' / E122°14.76',29,230°,,,,,,,,,,,,,,,,,,,,,,,,,,
WATB,Soa Airport,Nusa Tenggara Timur,ARINC Data Effective 2023-10-05 0901Z,S8°42.52' / E121°3.43',1454.0 feet MSL,Open to the Public,Runway 11/29,5249 x 98 feet / 1600 x 30 meters,Hard,Runway 11,S8°42.33' / E121°3.09',1454,108°,Runway 29,S8°42.61' / E121°3.92',1421,288°,,,,,,,,,,,,,,,,,,,,,,,,,,
WATA,A.A. Bere Tallo Airport,Nusa Tenggara Timur,ARINC Data Effective 2023-10-05 0901Z,S9°4.53' / E124°54.18',1009.0 feet MSL,Open to the Public,,,Hard,,,,,,,,,,,,,,,,,,,,,,,,,,,,,,,,,,
WAYY,Mozes Kilangin Airport,Papua,ARINC Data Effective 2023-10-05 0901Z,S4°31.90' / E136°53.30',104.0 feet MSL,Open to the Public,Runway 12/30,7841 x 148 feet / 2390 x 45 meters,Hard,Runway 12,S4°31.44' / E136°52.70',104,119°,Runway 30,S4°32.12' / E136°53.79',99,299°,,,,,,,,,,,,,,,,,,,,,,,,,,
WAYL,Puncak / Ilaga Airport,Papua,ARINC Data Effective 2023-10-05 0901Z,S3°58.63' / E137°37.22',7975.0 feet MSL,Open to the Public,Runway 07/25,1969 x 75 feet / 600 x 23 meters,Hard,Runway 07,S3°58.62' / E137°37.17',7985,076°,Runway 25,S3°58.56' / E137°37.49',7904,256°,,,,,,,,,,,,,,,,,,,,,,,,,,
WAYK,Kokonao Airport,Papua,ARINC Data Effective 2023-10-05 0901Z,S4°42.68' / E136°26.17',5.0 feet MSL,Open to the Public,Runway 13/31,1959 x 59 feet / 597 x 18 meters,Hard,Runway 13,S4°42.53' / E136°25.99',5,133°,Runway 31,S4°42.76' / E136°26.22',4,313°,,,,,,,,,,,,,,,,,,,,,,,,,,
WAYG,Mimika / Akimuga Airport,Papua,ARINC Data Effective 2023-10-05 0901Z,S4°36.18' / E137°39.55',163.0 feet MSL,Open to the Public,,,Hard,,,,,,,,,,,,,,,,,,,,,,,,,,,,,,,,,,
WAYE,Paniai / Enarotali Airport,Papua,ARINC Data Effective 2023-10-05 0901Z,S3°55.57' / E136°22.82',5804.0 feet MSL,Open to the Public,Runway 09/27,3248 x 59 feet / 990 x 18 meters,Hard,Runway 09,S3°55.57' / E136°22.45',5804,082°,Runway 27,S3°55.51' / E136°22.98',5798,262°,,,,,,,,,,,,,,,,,,,,,,,,,,
WAYB,Bilorai Airport,Papua,ARINC Data Effective 2023-10-05 0901Z,S3°44.39' / E137°1.86',7316.0 feet MSL,Open to the Public,,,Hard,,,,,,,,,,,,,,,,,,,,,,,,,,,,,,,,,,
WAVV,Wamena Airport,Papua,ARINC Data Effective 2023-10-05 0901Z,S4°5.85' / E138°57.08',5435.0 feet MSL,Open to the Public,Runway 15/33,7136 x 148 feet / 2175 x 45 meters,Hard,Runway 15,S4°5.27' / E138°56.85',5435,150°,Runway 33,S4°6.31' / E138°57.39',5428,330°,,,,,,,,,,,,,,,,,,,,,,,,,,
WAVD,Nop Goliat Dekai Airport,Papua,ARINC Data Effective 2023-10-05 0901Z,S4°51.22' / E139°29.20',329.0 feet MSL,Open to the Public,,,Hard,,,,,,,,,,,,,,,,,,,,,,,,,,,,,,,,,,
WAVC,Ilu Airport,Papua,ARINC Data Effective 2023-10-05 0901Z,S3°42.50' / E138°12.02',6500.0 feet MSL,Open to the Public,Runway 17/35,2625 x 59 feet / 800 x 18 meters,Hard,Runway 17,S3°42.11' / E138°11.99',6264,170°,Runway 35,S3°42.55' / E138°12.04',6438,350°,,,,,,,,,,,,,,,,,,,,,,,,,,
WAVA,Puncak Jaya/Mulia Airport,Papua,ARINC Data Effective 2023-10-05 0901Z,S3°42.07' / E137°57.62',5898.0 feet MSL,Open to the Public,Runway 09/27,2625 x 59 feet / 800 x 18 meters,Hard,Runway 09,S3°42.14' / E137°57.23',5898,079°,Runway 27,S3°42.09' / E137°57.65',5648,259°,,,,,,,,,,,,,,,,,,,,,,,,,,
WAKY,Koroway Batu Airport,Papua,ARINC Data Effective 2023-10-05 0901Z,S5°12.83' / E140°1.40',340.0 feet MSL,Open to the Public,Runway 16/34,2625 x 59 feet / 800 x 18 meters,Hard,Runway 16,S5°12.46' / E140°0.96',340,159°,Runway 34,S5°12.87' / E140°1.09',340,339°,,,,,,,,,,,,,,,,,,,,,,,,,,
WAKT,Tanah Merah Airport,Papua,ARINC Data Effective 2023-10-05 0901Z,S6°5.77' / E140°18.00',86.0 feet MSL,Open to the Public,Runway 07/25,3465 x 75 feet / 1056 x 23 meters,Hard,Runway 07,S6°5.89' / E140°17.94',76,069°,Runway 25,S6°5.71' / E140°18.49',86,249°,,,,,,,,,,,,,,,,,,,,,,,,,,
WAKP,Kepi Airport,Papua,ARINC Data Effective 2023-10-05 0901Z,S6°32.53' / E139°19.90',28.0 feet MSL,Open to the Public,Runway 15/33,3937 x 75 feet / 1200 x 23 meters,Hard,Runway 15,S6°32.34' / E139°19.83',28,151°,Runway 33,S6°32.93' / E139°20.11',20,331°,,,,,,,,,,,,,,,,,,,,,,,,,,
WAKO,Okaba Airport,Papua,ARINC Data Effective 2023-10-05 0901Z,S8°5.70' / E139°43.35',11.0 feet MSL,Open to the Public,,,Hard,,,,,,,,,,,,,,,,,,,,,,,,,,,,,,,,,,
WAKM,Asmat Airport,Papua,ARINC Data Effective 2023-10-05 0901Z,S6°11.12' / E138°38.45',33.0 feet MSL,Open to the Public,,,Hard,,,,,,,,,,,,,,,,,,,,,,,,,,,,,,,,,,
WAKK,Mopah Airport,Papua,ARINC Data Effective 2023-10-05 0901Z,S8°31.27' / E140°25.02',10.0 feet MSL,Open to the Public,Runway 16/34,8202 x 148 feet / 2500 x 45 meters,Hard,Runway 16,S8°30.75' / E140°24.94',10,156°,Runway 34,S8°32.02' / E140°25.40',5,336°,,,,,,,,,,,,,,,,,,,,,,,,,,
WAKJ,Merauke/Kimam Airport,Papua,ARINC Data Effective 2023-10-05 0901Z,S7°58.75' / E138°51.15',23.0 feet MSL,Open to the Public,Runway 13/31,2133 x 59 feet / 650 x 18 meters,Hard,Runway 13,S7°58.60' / E138°51.03',23,127°,Runway 31,S7°58.84' / E138°51.30',23,307°,,,,,,,,,,,,,,,,,,,,,,,,,,
WAKG,Ewer Airport,Papua,ARINC Data Effective 2023-10-05 0901Z,S5°29.75' / E138°4.80',12.0 feet MSL,Open to the Public,Runway 06/24,4921 x 98 feet / 1500 x 30 meters,Hard,Runway 06,S5°29.94' / E138°4.36',12,060°,Runway 24,S5°29.57' / E138°5.09',8,240°,,,,,,,,,,,,,,,,,,,,,,,,,,
WAKE,Mappi / Bade Airport,Papua,ARINC Data Effective 2023-10-05 0901Z,S7°10.52' / E139°35.05',28.0 feet MSL,Open to the Public,Runway 02/20,1969 x 59 feet / 600 x 18 meters,Hard,Runway 02,S7°10.73' / E139°34.93',27,017°,Runway 20,S7°10.42' / E139°35.06',28,197°,,,,,,,,,,,,,,,,,,,,,,,,,,
WAKD,Boven Digoel / Mindiptanah Airport,Papua,ARINC Data Effective 2023-10-05 0901Z,S5°52.75' / E140°42.52',121.0 feet MSL,Open to the Public,Runway 16/34,2953 x 75 feet / 900 x 23 meters,Hard,Runway 16,S5°52.46' / E140°42.52',102,160°,Runway 34,S5°52.93' / E140°42.66',121,340°,,,,,,,,,,,,,,,,,,,,,,,,,,
WAJS,Senggeh Airport,Papua,ARINC Data Effective 2023-10-05 0901Z,S3°26.57' / E140°46.70',680.0 feet MSL,Open to the Public,,,Hard,,,,,,,,,,,,,,,,,,,,,,,,,,,,,,,,,,
WAJO,Pegunungan Bintang/Oksibil Airport,Papua,ARINC Data Effective 2023-10-05 0901Z,S4°54.43' / E140°37.82',4284.0 feet MSL,Open to the Public,Runway 11/29,4442 x 98 feet / 1354 x 30 meters,Hard,Runway 11,S4°54.29' / E140°37.36',4284,111°,Runway 29,S4°54.59' / E140°38.02',4249,291°,,,,,,,,,,,,,,,,,,,,,,,,,,
WAJK,Kiwirok Airport,Papua,ARINC Data Effective 2023-10-05 0901Z,S4°42.80' / E140°44.37',5446.0 feet MSL,Open to the Public,Runway 07/25,1640 x 59 feet / 500 x 18 meters,Hard,Runway 07,S4°42.84' / E140°44.31',5429,067°,Runway 25,S4°42.76' / E140°44.57',5226,247°,,,,,,,,,,,,,,,,,,,,,,,,,,
WAJJ,Sentani Airport,Papua,ARINC Data Effective 2023-10-05 0901Z,S2°34.32' / E140°30.70',289.0 feet MSL,Open to the Public,Runway 12/30,9843 x 148 feet / 3000 x 45 meters,Hard,Runway 12,S2°34.27' / E140°30.52',289,124°,Runway 30,S2°35.24' / E140°31.81',268,304°,,,,,,,,,,,,,,,,,,,,,,,,,,
WAJI,Sarmi / Mararena Airport,Papua,ARINC Data Effective 2023-10-05 0901Z,S1°52.48' / E138°45.27',12.0 feet MSL,Open to the Public,Runway 13/31,2454 x 75 feet / 748 x 23 meters,Hard,Runway 13,S1°52.26' / E138°45.08',12,133°,Runway 31,S1°52.55' / E138°45.37',12,313°,,,,,,,,,,,,,,,,,,,,,,,,,,
WAJG,Pegunungan Bintang / Batom Airport,Papua,ARINC Data Effective 2023-10-05 0901Z,S4°26.65' / E140°52.90',354.0 feet MSL,Open to the Public,,,Hard,,,,,,,,,,,,,,,,,,,,,,,,,,,,,,,,,,
WAJD,Wakde Airport,Papua,ARINC Data Effective 2023-10-05 0901Z,S1°56.00' / E139°1.00',10.0 feet MSL,Open to the Public,,,Soft,,,,,,,,,,,,,,,,,,,,,,,,,,,,,,,,,,
WABS,Puncak / Sinak Airport,Papua,ARINC Data Effective 2023-10-05 0901Z,S3°49.32' / E137°50.28',7299.0 feet MSL,Open to the Public,Runway 17/35,3609 x 75 feet / 1100 x 23 meters,Hard,Runway 17,S3°49.04' / E137°50.29',7290,165°,Runway 35,S3°49.62' / E137°50.42',7299,345°,,,,,,,,,,,,,,,,,,,,,,,,,,
WABO,Stevanus Rumbewas Airport,Papua,ARINC Data Effective 2023-10-05 0901Z,S1°49.80' / E136°4.17',75.0 feet MSL,Open to the Public,Runway 10/28,3035 x 59 feet / 925 x 18 meters,Hard,Runway 10,S1°49.69' / E136°3.67',66,101°,Runway 28,S1°49.80' / E136°4.16',75,281°,,,,,,,,,,,,,,,,,,,,,,,,,,
WABI,Douw Aturure Airport,Papua,ARINC Data Effective 2023-10-05 0901Z,S3°22.08' / E135°29.83',25.0 feet MSL,Open to the Public,Runway 16/34,4590 x 95 feet / 1399 x 29 meters,Hard,Runway 16,S3°21.73' / E135°29.67',18,159°,Runway 34,S3°22.44' / E135°29.92',25,339°,,,,,,,,,,,,,,,,,,,,,,,,,,
WABF,Biak Numfor/Numfor Airport,Papua,ARINC Data Effective 2023-10-05 0901Z,S0°56.18' / E134°51.98',23.0 feet MSL,Open to the Public,Runway 09/27,5758 x 66 feet / 1755 x 20 meters,Hard,Runway 09,S0°56.13' / E134°51.85',23,089°,Runway 27,S0°56.16' / E134°52.79',23,269°,,,,,,,,,,,,,,,,,,,,,,,,,,
WABD,Dogiyai / Moanamani Airport,Papua,ARINC Data Effective 2023-10-05 0901Z,S4°0.53' / E136°2.22',5113.0 feet MSL,Open to the Public,,,Hard,,,,,,,,,,,,,,,,,,,,,,,,,,,,,,,,,,
WABB,Biak / Frans Kaisiepo Airport,Papua,ARINC Data Effective 2023-10-05 0901Z,S1°11.52' / E136°6.60',38.0 feet MSL,Open to the Public,Runway 11/29,11713 x 148 feet / 3570 x 45 meters,Hard,Runway 11,S1°11.09' / E136°5.56',38,107°,Runway 29,S1°11.72' / E136°7.38',27,287°,,,,,,,,,,,,,,,,,,,,,,,,,,
WABA,Deiyai / Waghete Baru Airport,Papua,ARINC Data Effective 2023-10-05 0901Z,S4°4.05' / E136°16.42',1779.0 feet MSL,Open to the Public,,,Hard,,,,,,,,,,,,,,,,,,,,,,,,,,,,,,,,,,
WIBL,Sultan Syarif Haroen Setia Neg Airport,Riau,ARINC Data Effective 2023-10-05 0901Z,N0°30.28' / E101°55.37',95.0 feet MSL,Private,Runway 18/36,5446 x 98 feet / 1660 x 30 meters,Hard,Runway 18,N0°30.38' / E101°55.40',95,180°,Runway 36,N0°29.48' / E101°55.41',82,000°,,,,,,,,,,,,,,,,,,,,,,,,,,
WIBJ,Japura Airport,Riau,ARINC Data Effective 2023-10-05 0901Z,S0°21.10' / E102°20.07',61.0 feet MSL,Open to the Public,Runway 10/28,4265 x 98 feet / 1300 x 30 meters,Hard,Runway 10,S0°21.11' / E102°19.74',61,099°,Runway 28,S0°21.22' / E102°20.43',61,279°,,,,,,,,,,,,,,,,,,,,,,,,,,
WIBI,Pulai Airport,Riau,ARINC Data Effective 2023-10-05 0901Z,N0°12.97' / E103°9.88',21.0 feet MSL,Open to the Public,,,Unknown,,,,,,,,,,,,,,,,,,,,,,,,,,,,,,,,,,
WIBG,Pasir Pangaraian Airport,Riau,ARINC Data Effective 2023-10-05 0901Z,N0°50.80' / E100°22.22',260.0 feet MSL,Open to the Public,Runway 18/36,4265 x 98 feet / 1300 x 30 meters,Hard,Runway 18,N0°51.09' / E100°22.21',260,181°,Runway 36,N0°50.38' / E100°22.20',260,001°,,,,,,,,,,,,,,,,,,,,,,,,,,
WIBD,Dumai / Pinang Kampai Airport,Riau,ARINC Data Effective 2023-10-05 0901Z,N1°36.73' / E101°26.00',43.0 feet MSL,Open to the Public,Runway 03/21,5906 x 98 feet / 1800 x 30 meters,Hard,Runway 03,N1°36.12' / E101°25.77',42,030°,Runway 21,N1°36.97' / E101°26.26',43,210°,,,,,,,,,,,,,,,,,,,,,,,,,,
WIBB,Sultan Syarif Kasim II Airport,Riau,ARINC Data Effective 2023-10-05 0901Z,N0°27.73' / E101°26.72',134.0 feet MSL,Open to the Public,Runway 18/36,8530 x 148 feet / 2600 x 45 meters,Hard,Runway 18,N0°28.26' / E101°26.69',134,182°,Runway 36,N0°26.85' / E101°26.65',113,002°,,,,,,,,,,,,,,,,,,,,,,,,,,
WAFS,Sumarorong Airport,Sulawesi Barat,ARINC Data Effective 2023-10-05 0901Z,S3°8.87' / E119°18.20',3033.0 feet MSL,Open to the Public,Runway 17/35,3773 x 98 feet / 1150 x 30 meters,Hard,Runway 17,S3°8.64' / E119°18.06',3027,164°,Runway 35,S3°9.25' / E119°18.19',3033,347°,,,,,,,,,,,,,,,,,,,,,,,,,,
WAFJ,Mamuju / Tampa Padang Airport,Sulawesi Barat,ARINC Data Effective 2023-10-05 0901Z,S2°35.32' / E119°1.77',8.0 feet MSL,Open to the Public,Runway 05/23,6398 x 148 feet / 1950 x 45 meters,Hard,Runway 05,S2°35.69' / E119°1.12',7,053°,Runway 23,S2°35.05' / E119°1.97',8,233°,,,,,,,,,,,,,,,,,,,,,,,,,,
WAWS,Soroako Airport,Sulawesi Selatan,ARINC Data Effective 2023-10-05 0901Z,S2°31.77' / E121°21.44',1388.0 feet MSL,Open to the Public,Runway 12/30,3382 x 62 feet / 1031 x 19 meters,Hard,Runway 12,S2°31.61' / E121°21.22',1388,123°,Runway 30,S2°31.93' / E121°21.67',1388,303°,,,,,,,,,,,,,,,,,,,,,,,,,,
WAWN,Bone / Arung Palakka Airport,Sulawesi Selatan,ARINC Data Effective 2023-10-05 0901Z,S4°27.53' / E120°18.42',131.0 feet MSL,Open to the Public,Runway 11/29,3740 x 98 feet / 1140 x 30 meters,Hard,Runway 11,S4°27.46' / E120°18.33',72,110°,Runway 29,S4°27.68' / E120°18.90',131,290°,,,,,,,,,,,,,,,,,,,,,,,,,,
WAWH,H. Aroeppala Airport,Sulawesi Selatan,ARINC Data Effective 2023-10-05 0901Z,S6°10.60' / E120°26.23',23.0 feet MSL,Open to the Public,Runway 16/34,6398 x 98 feet / 1950 x 30 meters,Hard,Runway 16,S6°10.26' / E120°26.10',23,158°,Runway 34,S6°11.28' / E120°26.42',20,338°,,,,,,,,,,,,,,,,,,,,,,,,,,
WAFT,Tana Toraja/Pongtiku Airport,Sulawesi Selatan,ARINC Data Effective 2021-11-04 0901Z,S3°2.57' / E119°49.28',2882.0 feet MSL,Open to the Public,,,Hard,,,,,,,,,,,,,,,,,,,,,,,,,,,,,,,,,,
WAFN,Seko Airport,Sulawesi Selatan,ARINC Data Effective 2023-10-05 0901Z,S2°16.32' / E119°53.70',3510.0 feet MSL,Open to the Public,Runway 09/27,3120 x 75 feet / 951 x 23 meters,Hard,Runway 09,S2°16.23' / E119°53.62',3521,094°,Runway 27,S2°16.28' / E119°54.15',3529,274°,,,,,,,,,,,,,,,,,,,,,,,,,,
WAFM,Andi Jemma Airport,Sulawesi Selatan,ARINC Data Effective 2023-10-05 0901Z,S2°33.25' / E120°19.47',125.0 feet MSL,Open to the Public,Runway 02/20,3510 x 98 feet / 1070 x 30 meters,Hard,Runway 02,S2°33.82' / E120°19.35',115,019°,Runway 20,S2°33.27' / E120°19.53',125,199°,,,,,,,,,,,,,,,,,,,,,,,,,,
WAFK,Rampi Airport,Sulawesi Selatan,ARINC Data Effective 2023-10-05 0901Z,S2°7.43' / E120°17.63',3220.0 feet MSL,Open to the Public,Runway 12/30,3284 x 75 feet / 1001 x 23 meters,Hard,Runway 12,S2°7.44' / E120°17.63',3200,117°,Runway 30,S2°7.69' / E120°18.11',3220,297°,,,,,,,,,,,,,,,,,,,,,,,,,,
WAFD,Bua Airport,Sulawesi Selatan,ARINC Data Effective 2023-10-05 0901Z,S3°5.07' / E120°14.70',24.0 feet MSL,Open to the Public,Runway 17/35,5413 x 98 feet / 1650 x 30 meters,Hard,Runway 17,S3°4.49' / E120°14.57',13,165°,Runway 35,S3°5.36' / E120°14.80',24,345°,,,,,,,,,,,,,,,,,,,,,,,,,,
WAFB,Tana Toraja / Toraja Airport,Sulawesi Selatan,ARINC Data Effective 2023-10-05 0901Z,S3°11.13' / E119°55.03',3029.0 feet MSL,Open to the Public,Runway 04/22,6562 x 98 feet / 2000 x 30 meters,Hard,Runway 04,S3°11.42' / E119°54.85',3025,039°,Runway 22,S3°10.64' / E119°55.49',3017,219°,,,,,,,,,,,,,,,,,,,,,,,492 Feet,,,
WAAA,Makassar/Sultan Hasanuddin Airport,Sulawesi Selatan,ARINC Data Effective 2023-10-05 0901Z,S5°3.65' / E119°33.27',44.0 feet MSL,Open to the Public,Runway 03/21,10171 x 148 feet / 3100 x 45 meters,Hard,Runway 03,S5°5.54' / E119°32.64',38,029°,Runway 21,S5°4.08' / E119°33.48',41,209°,Runway 13/31,8202 x 148 feet / 2500 x 45 meters,Unknown,Runway 13,S5°3.26' / E119°32.73',44,130°,Runway 31,S5°4.14' / E119°33.76',36,310°,,,,,,,,,,,,,,,
WAMP,Imip Airport,Sulawesi Tengah,ARINC Data Effective 2023-10-05 0901Z,S2°48.08' / E122°8.47',24.0 feet MSL,Open to the Public,Runway 13/31,6201 x 98 feet / 1890 x 30 meters,Hard,Runway 13,S2°47.57' / E122°8.04',24,130°,Runway 31,S2°48.22' / E122°8.77',24,310°,,,,,,,,,,,,,,,,,,,,,,,,295 Feet,,
WAFY,Pogogul Airport,Sulawesi Tengah,ARINC Data Effective 2023-10-05 0901Z,N1°6.32' / E121°24.93',49.0 feet MSL,Open to the Public,,,Hard,,,,,,,,,,,,,,,,,,,,,,,,,,,,,,,,,,
WAFW,Luwuk/Syukuran Aminuddin Amir Airport,Sulawesi Tengah,ARINC Data Effective 2023-10-05 0901Z,S1°2.43' / E122°46.35',62.0 feet MSL,Open to the Public,Runway 04/22,7382 x 148 feet / 2250 x 45 meters,Hard,Runway 04,S1°2.62' / E122°46.11',62,035°,Runway 22,S1°1.62' / E122°46.81',56,215°,,,,,,,,,,,,,,,,,,,,,,,,,,
WAFU,Tanjung Api Airport,Sulawesi Tengah,ARINC Data Effective 2023-10-05 0901Z,S0°51.83' / E121°37.50',107.0 feet MSL,Open to the Public,Runway 12/30,6923 x 98 feet / 2110 x 30 meters,Hard,Runway 12,S0°51.64' / E121°37.23',104,120°,Runway 30,S0°52.22' / E121°38.21',102,300°,,,,,,,,,,,,,,,,,,,,,,,,,,
WAFP,Poso/Kasiguncu Airport,Sulawesi Tengah,ARINC Data Effective 2023-10-05 0901Z,S1°25.02' / E120°39.55',21.0 feet MSL,Open to the Public,Runway 03/21,6070 x 98 feet / 1850 x 30 meters,Hard,Runway 03,S1°25.27' / E120°39.28',21,033°,Runway 21,S1°24.42' / E120°39.83',7,213°,,,,,,,,,,,,,,,,,,,,,,,,,,
WAFO,Morowali / Morowali Airport,Sulawesi Tengah,ARINC Data Effective 2023-10-05 0901Z,S2°12.13' / E121°39.70',20.0 feet MSL,Open to the Public,Runway 05/23,4921 x 98 feet / 1500 x 30 meters,Hard,Runway 05,S2°12.33' / E121°39.48',20,048°,Runway 23,S2°11.79' / E121°40.08',15,228°,,,,,,,,,,,,,,,,,,,,,,,,,,
WAFL,Sultan Bantilan Airport,Sulawesi Tengah,ARINC Data Effective 2023-10-05 0901Z,N1°7.38' / E120°47.58',17.0 feet MSL,Open to the Public,Runway 11/29,4593 x 98 feet / 1400 x 30 meters,Hard,Runway 11,N1°7.56' / E120°47.24',14,112°,Runway 29,N1°7.28' / E120°47.94',17,292°,,,,,,,,,,,,,,,,,,,,,,,,,,
WAFF,Mutiara Sis Al-Jufri Airport,Sulawesi Tengah,ARINC Data Effective 2023-10-05 0901Z,S0°55.00' / E119°54.62',288.0 feet MSL,Open to the Public,Runway 15/33,7382 x 148 feet / 2250 x 45 meters,Hard,Runway 15,S0°54.38' / E119°54.25',288,156°,Runway 33,S0°55.50' / E119°54.75',224,336°,,,,,,,,,,,,,,,,,,,,,,,,,,
WAWW,Halu Oleo Airport,Sulawesi Tenggara,ARINC Data Effective 2023-10-05 0901Z,S4°5.05' / E122°24.78',189.0 feet MSL,Military,Runway 08/26,8202 x 148 feet / 2500 x 45 meters,Hard,Runway 08,S4°5.02' / E122°24.52',189,079°,Runway 26,S4°4.78' / E122°25.85',120,259°,,,,,,,,,,,,,,,,,,,,,,,,,,
WAWR,Muna / Sugimanuru Airport,Sulawesi Tenggara,ARINC Data Effective 2023-10-05 0901Z,S4°45.72' / E122°34.20',144.0 feet MSL,Open to the Public,Runway 08/26,5249 x 98 feet / 1600 x 30 meters,Hard,Runway 08,S4°45.87' / E122°33.54',111,080°,Runway 26,S4°45.73' / E122°34.39',144,260°,,,,,,,,,,,,,,,,,,,,,,,,,,
WAWP,Kolaka / Sangia Nibandera Airport,Sulawesi Tenggara,ARINC Data Effective 2023-10-05 0901Z,S4°20.70' / E121°31.33',40.0 feet MSL,Open to the Public,Runway 18/36,6070 x 98 feet / 1850 x 30 meters,Hard,Runway 18,S4°19.76' / E121°31.47',38,182°,Runway 36,S4°20.76' / E121°31.42',40,002°,,,,,,,,,,,,,,,,,,,,,,,,,,
WAWD,Wakatobi/Matahora Airport,Sulawesi Tenggara,ARINC Data Effective 2023-10-05 0901Z,S5°17.43' / E123°38.17',77.0 feet MSL,Open to the Public,Runway 14/32,6562 x 148 feet / 2000 x 45 meters,Hard,Runway 14,S5°17.11' / E123°37.84',77,140°,Runway 32,S5°17.95' / E123°38.52',63,320°,,,,,,,,,,,,,,,,,,,,,,,,,,
WAWC,Tomia / Maranggo Airport,Sulawesi Tenggara,ARINC Data Effective 2023-10-05 0901Z,S5°46.03' / E123°55.13',76.0 feet MSL,Open to the Public,Runway 13/31,4921 x 98 feet / 1500 x 30 meters,Hard,Runway 13,S5°45.71' / E123°54.82',76,131°,Runway 31,S5°46.25' / E123°55.42',47,311°,,,,,,,,,,,,,,,,,,,,,,,,,,
WAWB,Betoambari Airport,Sulawesi Tenggara,ARINC Data Effective 2023-10-05 0901Z,S5°29.22' / E122°34.17',105.0 feet MSL,Open to the Public,Runway 04/22,5906 x 98 feet / 1800 x 30 meters,Hard,Runway 04,S5°29.53' / E122°33.87',105,039°,Runway 22,S5°28.79' / E122°34.51',105,219°,,,,,,,,,,,,,,,,,,,,,,,,,,
WAWA,Kolaka / Pomala Airport,Sulawesi Tenggara,ARINC Data Effective 2023-10-05 0901Z,S4°18.00' / E121°36.00',98.0 feet MSL,Open to the Public,,,Soft,,,,,,,,,,,,,,,,,,,,,,,,,,,,,,,,,,
WAMS,Miangas Airport,Sulawesi Utara,ARINC Data Effective 2023-10-05 0901Z,N5°33.37' / E126°34.60',9.0 feet MSL,Open to the Public,Runway 03/21,4593 x 98 feet / 1400 x 30 meters,Hard,Runway 03,N5°33.28' / E126°34.61',9,029°,Runway 21,N5°33.94' / E126°34.98',9,209°,,,,,,,,,,,,,,,,,,,,,,,,,,
WAMO,Siau/Sitaro Airport,Sulawesi Utara,ARINC Data Effective 2023-10-05 0901Z,N2°39.18' / E125°25.48',155.0 feet MSL,Open to the Public,,,Hard,,,,,,,,,,,,,,,,,,,,,,,,,,,,,,,,,,
WAMN,Melonguane Airport,Sulawesi Utara,ARINC Data Effective 2023-10-05 0901Z,N4°0.37' / E126°40.48',13.0 feet MSL,Open to the Public,,,Hard,,,,,,,,,,,,,,,,,,,,,,,,,,,,,,,,,,
WAMM,Manado / Sam Ratulangi Airport,Sulawesi Utara,ARINC Data Effective 2023-10-05 0901Z,N1°32.73' / E124°55.50',328.0 feet MSL,Open to the Public,Runway 18/36,8694 x 148 feet / 2650 x 45 meters,Hard,Runway 18,N1°33.68' / E124°55.60',328,182°,Runway 36,N1°32.24' / E124°55.56',328,002°,,,,,,,,,,,,,,,,,,,,,,,,,,
WAMH,Naha Airport,Sulawesi Utara,ARINC Data Effective 2023-10-05 0901Z,N3°41.13' / E125°31.75',63.0 feet MSL,Open to the Public,Runway 15/33,4921 x 98 feet / 1500 x 30 meters,Hard,Runway 15,N3°41.45' / E125°31.43',63,150°,Runway 33,N3°40.73' / E125°31.84',39,330°,,,,,,,,,,,,,,,,,,,,,,,,,,
WIMG,Padang Tabing Airport,Sumatera Barat,ARINC Data Effective 2023-10-05 0901Z,S0°52.53' / E100°21.03',9.0 feet MSL,Military,Runway 16/34,7054 x 148 feet / 2150 x 45 meters,Hard,Runway 16,S0°51.99' / E100°20.94',9,159°,Runway 34,S0°53.05' / E100°21.32',9,339°,,,,,,,,,,,,,,,,,,,,,,,,,,
WIEE,Minangkabau Airport,Sumatera Barat,ARINC Data Effective 2023-10-05 0901Z,S0°47.30' / E100°17.18',18.0 feet MSL,Open to the Public,Runway 15/33,9022 x 148 feet / 2750 x 45 meters,Hard,Runway 15,S0°46.54' / E100°16.54',18,155°,Runway 33,S0°47.89' / E100°17.16',16,335°,,,,,,,,,,,,,,,,,,,,,,,,,,
WIEB,Rokot Airport,Sumatera Barat,ARINC Data Effective 2023-10-05 0901Z,S2°5.83' / E99°42.23',5.0 feet MSL,Open to the Public,,,Hard,,,,,,,,,,,,,,,,,,,,,,,,,,,,,,,,,,
WIPY,Atung Bungsu Airport,Sumatera Selatan,ARINC Data Effective 2023-10-05 0901Z,S4°1.48' / E103°22.72',2093.0 feet MSL,Open to the Public,Runway 06/24,4396 x 98 feet / 1340 x 30 meters,Hard,Runway 06,S4°1.54' / E103°22.42',2093,060°,Runway 24,S4°1.18' / E103°23.05',1978,240°,,,,,,,,,,,,,,,,,,,,,,,,,,
WIPQ,Pendopo Airport,Sumatera Selatan,ARINC Data Effective 2023-10-05 0901Z,S3°17.17' / E103°52.78',184.0 feet MSL,Open to the Public,Runway 03/21,4265 x 66 feet / 1300 x 20 meters,Hard,Runway 03,S3°17.46' / E103°52.59',184,032°,Runway 21,S3°16.86' / E103°52.96',184,212°,,,,,,,,,,,,,,,,,,,,,,,,,,
WIPP,Sultan Mahmud Badaruddin II Airport,Sumatera Selatan,ARINC Data Effective 2023-10-05 0901Z,S2°54.02' / E104°42.00',49.0 feet MSL,Open to the Public,Runway 11/29,9843 x 148 feet / 3000 x 45 meters,Hard,Runway 11,S2°53.53' / E104°41.12',49,113°,Runway 29,S2°54.16' / E104°42.62',39,293°,,,,,,,,,,,,,,,,,,,,,,,,,,
WIPM,Pagar Alam Airport,Sumatera Selatan,ARINC Data Effective 2023-10-05 0901Z,S4°1.48' / E103°22.72',2093.0 feet MSL,Open to the Public,Runway 06/24,4396 x 98 feet / 1340 x 30 meters,Hard,Runway 06,S4°1.54' / E103°22.42',2093,060°,Runway 24,S4°1.18' / E103°23.05',1978,240°,,,,,,,,,,,,,,,,,,,,,,,,,,
WIPB,Silampari Airport,Sumatera Selatan,ARINC Data Effective 2023-10-05 0901Z,S3°17.05' / E102°54.85',325.0 feet MSL,Open to the Public,Runway 02/20,7283 x 148 feet / 2220 x 45 meters,Hard,Runway 02,S3°17.83' / E102°54.69',325,018°,Runway 20,S3°16.69' / E102°55.06',316,198°,,,,,,,,,,,,,,,,,,,,,,,,,,
WIMS,Central Tapanuli/Dr Ferdinand Airport,Sumatera Utara,ARINC Data Effective 2023-10-05 0901Z,N1°33.22' / E98°53.63',42.0 feet MSL,Open to the Public,Runway 12/30,7185 x 98 feet / 2190 x 30 meters,Hard,Runway 12,N1°33.78' / E98°52.71',33,124°,Runway 30,N1°33.11' / E98°53.69',42,304°,,,,,,,,,,,,,,,,,,,,,,,,,,
WIMP,Sibisa Airport,Sumatera Utara,ARINC Data Effective 2023-10-05 0901Z,N2°36.08' / E98°57.77',4164.0 feet MSL,Open to the Public,,,Hard,,,,,,,,,,,,,,,,,,,,,,,,,,,,,,,,,,
WIMO,Nias Selatan / Lasondre Airport,Sumatera Utara,ARINC Data Effective 2023-10-05 0901Z,S0°1.18' / E98°18.05',7.0 feet MSL,Open to the Public,Runway 06/24,4593 x 98 feet / 1400 x 30 meters,Hard,Runway 06,S0°1.27' / E98°17.73',7,065°,Runway 24,S0°0.95' / E98°18.41',7,245°,,,,,,,,,,,,,,,,,,,,,,,,,,
WIMN,Raja Sisingamangaraja Xii Airport,Sumatera Utara,ARINC Data Effective 2023-10-05 0901Z,N2°15.67' / E98°59.68',4721.0 feet MSL,Open to the Public,Runway 09/27,8694 x 148 feet / 2650 x 45 meters,Hard,Runway 09,N2°15.61' / E98°58.46',4721,093°,Runway 27,N2°15.55' / E98°59.89',4631,273°,,,,,,,,,,,,,,,,,,,,,,,,,,
WIMM,Deli Serdang / Kualanamu International Airport,Sumatera Utara,ARINC Data Effective 2023-10-05 0901Z,N3°38.53' / E98°53.12',23.0 feet MSL,Open to the Public,Runway 05/23,12303 x 197 feet / 3750 x 60 meters,Hard,Runway 05,N3°37.55' / E98°51.52',23,045°,Runway 23,N3°38.99' / E98°52.95',20,225°,,,,,,,,,,,,,,,,,,,,,,,,,,
WIMK,Medan/Polonia Airport,Sumatera Utara,ARINC Data Effective 2023-10-05 0901Z,N3°33.55' / E98°40.27',90.0 feet MSL,Open to the Public,,,Hard,,,,,,,,,,,,,,,,,,,,,,,,,,,,,,,,,,
WIME,Aek Godang Airport,Sumatera Utara,ARINC Data Effective 2023-10-05 0901Z,N1°23.93' / E99°25.83',952.0 feet MSL,Open to the Public,Runway 11/29,4593 x 98 feet / 1400 x 30 meters,Hard,Runway 11,N1°24.15' / E99°25.48',952,113°,Runway 29,N1°23.86' / E99°26.18',930,293°,,,,,,,,,,,,,,,,,,,,,,,,,,
WIMB,Binaka Airport,Sumatera Utara,ARINC Data Effective 2023-10-05 0901Z,N1°9.93' / E97°42.37',28.0 feet MSL,Open to the Public,Runway 09/27,7382 x 98 feet / 2250 x 30 meters,Hard,Runway 09,N1°10.00' / E97°41.78',28,093°,Runway 27,N1°9.95' / E97°42.99',12,273°,,,,,,,,,,,,,,,,,,,,,,,,,,
WAHI,Internasional Yogyakarta Airport,Yogyakarta,ARINC Data Effective 2023-10-05 0901Z,S7°54.25' / E110°3.45',24.0 feet MSL,Open to the Public,Runway 11/29,10663 x 148 feet / 3250 x 45 meters,Hard,Runway 11,S7°54.02' / E110°2.60',24,109°,Runway 29,S7°54.62' / E110°4.27',24,289°,,,,,,,,,,,,,,,,,,,,,,,,,,
WAHH,Adisutjipto Airport,Yogyakarta,ARINC Data Effective 2023-10-05 0901Z,S7°47.20' / E110°25.92',379.0 feet MSL,Military,Runway 09/27,7218 x 148 feet / 2200 x 45 meters,Hard,Runway 09,S7°47.31' / E110°25.32',374,087°,Runway 27,S7°47.27' / E110°26.52',379,267°,,,,,,,,,,,,,,,,,,,,,,,,,,
